model_id,mean_mae,mean_pearson,mean_r2,mean_auroc,mean_auprc,n_targets,mask,mse_on,corr_on,deriv_on,vcg_on,energy_on,lead_on,mmd_name
f_1000000_s42,0.3787,0.5772,0.3331,0.7619,0.0181,1,1000000,1,0,0,0,0,0,none
f_1000001_s42,0.3985,0.3909,0.1528,0.5728,0.0066,1,1000001,1,0,0,0,0,0,global_rbf
f_1000002_s42,0.3683,0.4543,0.2064,0.6923,0.0081,1,1000002,1,0,0,0,0,0,anatomical_laplacian
f_1000003_s42,0.3622,0.5655,0.3198,0.7539,0.018,1,1000003,1,0,0,0,0,0,anatomical_imq
f_1000004_s42,0.3473,0.5591,0.3126,0.738,0.0117,1,1000004,1,0,0,0,0,0,temporal_kmeans_imq
f_1000010_s42,0.4487,0.3031,0.0919,0.5062,0.0095,1,1000010,1,0,0,0,0,1,none
f_1000011_s42,0.4075,0.391,0.1528,0.5615,0.0141,1,1000011,1,0,0,0,0,1,global_rbf
f_1000012_s42,0.4038,0.3417,0.1167,0.491,0.014,1,1000012,1,0,0,0,0,1,anatomical_laplacian
f_1000013_s42,0.4154,0.3091,0.0956,0.4886,0.0106,1,1000013,1,0,0,0,0,1,anatomical_imq
f_1000014_s42,0.3959,0.3469,0.1204,0.5168,0.0122,1,1000014,1,0,0,0,0,1,temporal_kmeans_imq
f_1000100_s42,0.5047,0.3693,0.1364,0.6179,0.0147,1,1000100,1,0,0,0,1,0,none
f_1000101_s42,0.5124,0.3784,0.1432,0.635,0.0137,1,1000101,1,0,0,0,1,0,global_rbf
f_1000102_s42,0.5046,0.3684,0.1357,0.6184,0.0148,1,1000102,1,0,0,0,1,0,anatomical_laplacian
f_1000103_s42,0.505,0.3691,0.1362,0.6178,0.0147,1,1000103,1,0,0,0,1,0,anatomical_imq
f_1000104_s42,0.5054,0.3693,0.1364,0.6178,0.0147,1,1000104,1,0,0,0,1,0,temporal_kmeans_imq
f_1000110_s42,0.489,0.3284,0.1078,0.619,0.0057,1,1000110,1,0,0,0,1,1,none
f_1000111_s42,0.496,0.3367,0.1134,0.6499,0.0075,1,1000111,1,0,0,0,1,1,global_rbf
f_1000112_s42,0.4894,0.3281,0.1077,0.6199,0.0056,1,1000112,1,0,0,0,1,1,anatomical_laplacian
f_1000113_s42,0.4884,0.328,0.1076,0.6163,0.0056,1,1000113,1,0,0,0,1,1,anatomical_imq
f_1000114_s42,0.4894,0.3279,0.1075,0.6165,0.0056,1,1000114,1,0,0,0,1,1,temporal_kmeans_imq
f_1001000_s42,0.5207,0.4417,0.1951,0.7803,0.0275,1,1001000,1,0,0,1,0,0,none
f_1001001_s42,0.4968,0.441,0.1945,0.7948,0.0242,1,1001001,1,0,0,1,0,0,global_rbf
f_1001002_s42,0.5412,0.4641,0.2154,0.7765,0.0438,1,1001002,1,0,0,1,0,0,anatomical_laplacian
f_1001003_s42,0.5342,0.4491,0.2017,0.7907,0.0294,1,1001003,1,0,0,1,0,0,anatomical_imq
f_1001004_s42,0.5429,0.4394,0.1931,0.7793,0.0378,1,1001004,1,0,0,1,0,0,temporal_kmeans_imq
f_1001010_s42,0.47,0.4335,0.1879,0.635,0.0128,1,1001010,1,0,0,1,0,1,none
f_1001011_s42,0.4273,0.4428,0.196,0.7129,0.0178,1,1001011,1,0,0,1,0,1,global_rbf
f_1001012_s42,0.524,0.4417,0.1951,0.6333,0.0185,1,1001012,1,0,0,1,0,1,anatomical_laplacian
f_1001013_s42,0.4923,0.4314,0.1861,0.6434,0.0156,1,1001013,1,0,0,1,0,1,anatomical_imq
f_1001014_s42,0.4916,0.4349,0.1891,0.6468,0.0144,1,1001014,1,0,0,1,0,1,temporal_kmeans_imq
f_1001100_s42,0.4903,0.3001,0.0901,0.581,0.0046,1,1001100,1,0,0,1,1,0,none
f_1001101_s42,0.4936,0.3067,0.094,0.5939,0.0045,1,1001101,1,0,0,1,1,0,global_rbf
f_1001102_s42,0.4917,0.301,0.0906,0.5842,0.0047,1,1001102,1,0,0,1,1,0,anatomical_laplacian
f_1001103_s42,0.4908,0.3002,0.0901,0.5807,0.0046,1,1001103,1,0,0,1,1,0,anatomical_imq
f_1001104_s42,0.4922,0.3002,0.0901,0.5827,0.0047,1,1001104,1,0,0,1,1,0,temporal_kmeans_imq
f_1001110_s42,0.472,0.2416,0.0584,0.5326,0.0038,1,1001110,1,0,0,1,1,1,none
f_1001111_s42,0.4732,0.2589,0.067,0.556,0.004,1,1001111,1,0,0,1,1,1,global_rbf
f_1001112_s42,0.472,0.25,0.0625,0.5406,0.0039,1,1001112,1,0,0,1,1,1,anatomical_laplacian
f_1001113_s42,0.4718,0.2414,0.0583,0.5319,0.0038,1,1001113,1,0,0,1,1,1,anatomical_imq
f_1001114_s42,0.472,0.2417,0.0584,0.5327,0.0038,1,1001114,1,0,0,1,1,1,temporal_kmeans_imq
f_1010000_s42,0.6136,0.4128,0.1704,0.54,0.0317,1,1010000,1,0,1,0,0,0,none
f_1010001_s42,0.3525,0.4176,0.1744,0.5762,0.0172,1,1010001,1,0,1,0,0,0,global_rbf
f_1010002_s42,0.3821,0.3226,0.1041,0.4847,0.0093,1,1010002,1,0,1,0,0,0,anatomical_laplacian
f_1010003_s42,0.5714,0.391,0.1528,0.5487,0.038,1,1010003,1,0,1,0,0,0,anatomical_imq
f_1010004_s42,0.4739,0.395,0.156,0.5226,0.0175,1,1010004,1,0,1,0,0,0,temporal_kmeans_imq
f_1010010_s42,0.5695,0.3911,0.1529,0.5441,0.0135,1,1010010,1,0,1,0,0,1,none
f_1010011_s42,0.4897,0.3174,0.1008,0.482,0.023,1,1010011,1,0,1,0,0,1,global_rbf
f_1010012_s42,0.511,0.3679,0.1353,0.5884,0.0132,1,1010012,1,0,1,0,0,1,anatomical_laplacian
f_1010013_s42,0.5714,0.4013,0.161,0.5999,0.0106,1,1010013,1,0,1,0,0,1,anatomical_imq
f_1010014_s42,0.4778,0.425,0.1806,0.628,0.0121,1,1010014,1,0,1,0,0,1,temporal_kmeans_imq
f_1010100_s42,0.5931,0.3425,0.1173,0.6934,0.0223,1,1010100,1,0,1,0,1,0,none
f_1010101_s42,0.5919,0.3558,0.1266,0.7206,0.0183,1,1010101,1,0,1,0,1,0,global_rbf
f_1010102_s42,0.5968,0.3471,0.1205,0.7127,0.0181,1,1010102,1,0,1,0,1,0,anatomical_laplacian
f_1010103_s42,0.5921,0.3418,0.1169,0.693,0.0222,1,1010103,1,0,1,0,1,0,anatomical_imq
f_1010104_s42,0.5929,0.3422,0.1171,0.6932,0.0222,1,1010104,1,0,1,0,1,0,temporal_kmeans_imq
f_1010110_s42,0.5985,0.3138,0.0985,0.5305,0.0111,1,1010110,1,0,1,0,1,1,none
f_1010111_s42,0.5968,0.3303,0.1091,0.5716,0.011,1,1010111,1,0,1,0,1,1,global_rbf
f_1010112_s42,0.5963,0.314,0.0986,0.5277,0.0111,1,1010112,1,0,1,0,1,1,anatomical_laplacian
f_1010113_s42,0.5985,0.3137,0.0984,0.5304,0.0111,1,1010113,1,0,1,0,1,1,anatomical_imq
f_1010114_s42,0.5995,0.3137,0.0984,0.5318,0.0112,1,1010114,1,0,1,0,1,1,temporal_kmeans_imq
f_1011000_s42,0.5788,0.4667,0.2178,0.834,0.034,1,1011000,1,0,1,1,0,0,none
f_1011001_s42,0.6457,0.4589,0.2106,0.7564,0.0439,1,1011001,1,0,1,1,0,0,global_rbf
f_1011002_s42,0.6473,0.441,0.1945,0.7608,0.0482,1,1011002,1,0,1,1,0,0,anatomical_laplacian
f_1011003_s42,0.6044,0.4655,0.2166,0.8081,0.0396,1,1011003,1,0,1,1,0,0,anatomical_imq
f_1011004_s42,0.5907,0.4487,0.2013,0.7903,0.0596,1,1011004,1,0,1,1,0,0,temporal_kmeans_imq
f_1011010_s42,0.5927,0.377,0.1421,0.5448,0.0165,1,1011010,1,0,1,1,0,1,none
f_1011011_s42,0.563,0.3774,0.1425,0.6129,0.0275,1,1011011,1,0,1,1,0,1,global_rbf
f_1011012_s42,0.6931,0.3273,0.1071,0.5605,0.0227,1,1011012,1,0,1,1,0,1,anatomical_laplacian
f_1011013_s42,0.6125,0.3745,0.1403,0.5615,0.0201,1,1011013,1,0,1,1,0,1,anatomical_imq
f_1011014_s42,0.6568,0.3741,0.1399,0.5717,0.0259,1,1011014,1,0,1,1,0,1,temporal_kmeans_imq
f_1011100_s42,0.598,0.3275,0.1072,0.5327,0.0149,1,1011100,1,0,1,1,1,0,none
f_1011101_s42,0.5997,0.3327,0.1107,0.5482,0.0107,1,1011101,1,0,1,1,1,0,global_rbf
f_1011102_s42,0.5992,0.3276,0.1073,0.5355,0.015,1,1011102,1,0,1,1,1,0,anatomical_laplacian
f_1011103_s42,0.5982,0.3276,0.1073,0.5329,0.0149,1,1011103,1,0,1,1,1,0,anatomical_imq
f_1011104_s42,0.5992,0.3272,0.1071,0.5324,0.0149,1,1011104,1,0,1,1,1,0,temporal_kmeans_imq
f_1011110_s42,0.5409,0.2865,0.0821,0.4847,0.005,1,1011110,1,0,1,1,1,1,none
f_1011111_s42,0.5302,0.2921,0.0853,0.4853,0.0044,1,1011111,1,0,1,1,1,1,global_rbf
f_1011112_s42,0.5375,0.2837,0.0805,0.4806,0.0042,1,1011112,1,0,1,1,1,1,anatomical_laplacian
f_1011113_s42,0.5406,0.2867,0.0822,0.4845,0.005,1,1011113,1,0,1,1,1,1,anatomical_imq
f_1011114_s42,0.5407,0.2868,0.0822,0.4839,0.005,1,1011114,1,0,1,1,1,1,temporal_kmeans_imq
f_1100000_s42,0.4095,0.4549,0.2069,0.5579,0.0177,1,1100000,1,1,0,0,0,0,none
f_1100001_s42,0.4053,0.4046,0.1637,0.5288,0.0074,1,1100001,1,1,0,0,0,0,global_rbf
f_1100002_s42,0.4717,0.3685,0.1358,0.5263,0.0081,1,1100002,1,1,0,0,0,0,anatomical_laplacian
f_1100003_s42,0.4003,0.4294,0.1844,0.5495,0.0153,1,1100003,1,1,0,0,0,0,anatomical_imq
f_1100004_s42,0.4174,0.4391,0.1928,0.5939,0.0275,1,1100004,1,1,0,0,0,0,temporal_kmeans_imq
f_1100010_s42,0.5416,0.236,0.0557,0.4469,0.0065,1,1100010,1,1,0,0,0,1,none
f_1100011_s42,0.5075,0.276,0.0762,0.3919,0.0066,1,1100011,1,1,0,0,0,1,global_rbf
f_1100012_s42,0.5337,0.2719,0.074,0.4289,0.0112,1,1100012,1,1,0,0,0,1,anatomical_laplacian
f_1100013_s42,0.5807,0.236,0.0557,0.4419,0.0073,1,1100013,1,1,0,0,0,1,anatomical_imq
f_1100014_s42,0.6096,0.2565,0.0658,0.4435,0.0093,1,1100014,1,1,0,0,0,1,temporal_kmeans_imq
f_1100100_s42,0.465,0.3572,0.1276,0.5265,0.0048,1,1100100,1,1,0,0,1,0,none
f_1100101_s42,0.4686,0.3691,0.1362,0.5726,0.0056,1,1100101,1,1,0,0,1,0,global_rbf
f_1100102_s42,0.4639,0.3575,0.1278,0.5282,0.0049,1,1100102,1,1,0,0,1,0,anatomical_laplacian
f_1100103_s42,0.4646,0.3571,0.1275,0.5263,0.0048,1,1100103,1,1,0,0,1,0,anatomical_imq
f_1100104_s42,0.4658,0.3576,0.1279,0.5275,0.0049,1,1100104,1,1,0,0,1,0,temporal_kmeans_imq
f_1100110_s42,0.4619,0.3096,0.0959,0.5541,0.0045,1,1100110,1,1,0,0,1,1,none
f_1100111_s42,0.4702,0.3167,0.1003,0.5944,0.0052,1,1100111,1,1,0,0,1,1,global_rbf
f_1100112_s42,0.4643,0.3099,0.096,0.5577,0.0045,1,1100112,1,1,0,0,1,1,anatomical_laplacian
f_1100113_s42,0.4612,0.3093,0.0957,0.5515,0.0045,1,1100113,1,1,0,0,1,1,anatomical_imq
f_1100114_s42,0.4634,0.3098,0.096,0.5544,0.0045,1,1100114,1,1,0,0,1,1,temporal_kmeans_imq
f_1101000_s42,0.3762,0.4393,0.193,0.6784,0.0227,1,1101000,1,1,0,1,0,0,none
f_1101001_s42,0.3934,0.4376,0.1915,0.6835,0.0163,1,1101001,1,1,0,1,0,0,global_rbf
f_1101002_s42,0.3719,0.4519,0.2042,0.7593,0.0222,1,1101002,1,1,0,1,0,0,anatomical_laplacian
f_1101003_s42,0.3799,0.4292,0.1842,0.6648,0.0215,1,1101003,1,1,0,1,0,0,anatomical_imq
f_1101004_s42,0.3811,0.4268,0.1822,0.6474,0.0175,1,1101004,1,1,0,1,0,0,temporal_kmeans_imq
f_1101010_s42,0.4464,0.2925,0.0855,0.5196,0.0151,1,1101010,1,1,0,1,0,1,none
f_1101011_s42,0.468,0.338,0.1142,0.5933,0.0111,1,1101011,1,1,0,1,0,1,global_rbf
f_1101012_s42,0.4516,0.3062,0.0938,0.5574,0.0087,1,1101012,1,1,0,1,0,1,anatomical_laplacian
f_1101013_s42,0.4588,0.2798,0.0783,0.5201,0.0112,1,1101013,1,1,0,1,0,1,anatomical_imq
f_1101014_s42,0.4673,0.2755,0.0759,0.5203,0.0162,1,1101014,1,1,0,1,0,1,temporal_kmeans_imq
f_1101100_s42,0.4199,0.2998,0.0899,0.4857,0.0035,1,1101100,1,1,0,1,1,0,none
f_1101101_s42,0.4305,0.3039,0.0923,0.4993,0.0035,1,1101101,1,1,0,1,1,0,global_rbf
