dataset,model_id,target,mae,pearson_r,r2,bland_bias,loa_low,loa_high,auroc,auroc_ci_low,auroc_ci_high,auprc,auprc_ci_low,auprc_ci_high,f1,sens,spec,ppv,npv,adj_or,adj_or_ci_low,adj_or_ci_high,pval_logistic,fisher_pval,mask,mse_on,corr_on,deriv_on,vcg_on,energy_on,lead_on,mmd_kernel,mmd_name
ptb_xl,f_1000000_s42,QRS_Overall,0.0,1.0,1.0,0.0,0.0,0.0,1.0,1.0,1.0,1.0,1.0,1.0,1.0,1.0,1.0,1.0,1.0,0.4966,0.2254,1.0942,0.0824,0.0,1000000,1,0,0,0,0,0,0,none
ptb_xl,f_1000000_s42,LVH_SokolowLyon,0.3787,0.5772,0.3331,-0.2907,-1.144,0.5626,0.7619,0.5534,0.9026,0.0181,0.0034,0.1006,0.0,0.0,1.0,0.0,0.9967,,,,,1.0,1000000,1,0,0,0,0,0,0,none
ptb_xl,f_1000001_s42,QRS_Overall,0.0,1.0,1.0,0.0,0.0,0.0,1.0,1.0,1.0,1.0,1.0,1.0,1.0,1.0,1.0,1.0,1.0,0.4966,0.2254,1.0942,0.0824,0.0,1000001,1,0,0,0,0,0,1,global_rbf
ptb_xl,f_1000001_s42,LVH_SokolowLyon,0.3985,0.3909,0.1528,-0.1635,-1.1911,0.8642,0.5728,0.3319,0.7958,0.0066,0.0018,0.0266,0.0,0.0,1.0,0.0,0.9967,,,,,1.0,1000001,1,0,0,0,0,0,1,global_rbf
ptb_xl,f_1000002_s42,QRS_Overall,0.0,1.0,1.0,0.0,0.0,0.0,1.0,1.0,1.0,1.0,1.0,1.0,1.0,1.0,1.0,1.0,1.0,0.4966,0.2254,1.0942,0.0824,0.0,1000002,1,0,0,0,0,0,2,anatomical_laplacian
ptb_xl,f_1000002_s42,LVH_SokolowLyon,0.3683,0.4543,0.2064,-0.1676,-1.1263,0.7912,0.6923,0.4837,0.8665,0.0081,0.0029,0.0237,0.0,0.0,1.0,0.0,0.9967,,,,,1.0,1000002,1,0,0,0,0,0,2,anatomical_laplacian
ptb_xl,f_1000003_s42,QRS_Overall,0.0,1.0,1.0,0.0,0.0,0.0,1.0,1.0,1.0,1.0,1.0,1.0,1.0,1.0,1.0,1.0,1.0,0.4966,0.2254,1.0942,0.0824,0.0,1000003,1,0,0,0,0,0,3,anatomical_imq
ptb_xl,f_1000003_s42,LVH_SokolowLyon,0.3622,0.5655,0.3198,-0.2466,-1.1104,0.6172,0.7539,0.5322,0.8997,0.018,0.0033,0.0985,0.0,0.0,1.0,0.0,0.9967,,,,,1.0,1000003,1,0,0,0,0,0,3,anatomical_imq
ptb_xl,f_1000004_s42,QRS_Overall,0.0,1.0,1.0,0.0,0.0,0.0,1.0,1.0,1.0,1.0,1.0,1.0,1.0,1.0,1.0,1.0,1.0,0.4966,0.2254,1.0942,0.0824,0.0,1000004,1,0,0,0,0,0,4,temporal_kmeans_imq
ptb_xl,f_1000004_s42,LVH_SokolowLyon,0.3473,0.5591,0.3126,-0.2007,-1.0724,0.6709,0.738,0.5193,0.8836,0.0117,0.0031,0.0492,0.0,0.0,1.0,0.0,0.9967,,,,,1.0,1000004,1,0,0,0,0,0,4,temporal_kmeans_imq
ptb_xl,f_1000010_s42,QRS_Overall,0.0,1.0,1.0,0.0,0.0,0.0,1.0,1.0,1.0,1.0,1.0,1.0,1.0,1.0,1.0,1.0,1.0,0.4966,0.2254,1.0942,0.0824,0.0,1000010,1,0,0,0,0,1,0,none
ptb_xl,f_1000010_s42,LVH_SokolowLyon,0.4487,0.3031,0.0919,-0.3082,-1.3556,0.7392,0.5062,0.2188,0.8036,0.0095,0.0019,0.0369,0.0,0.0,1.0,0.0,0.9967,,,,,1.0,1000010,1,0,0,0,0,1,0,none
ptb_xl,f_1000011_s42,QRS_Overall,0.0,1.0,1.0,0.0,0.0,0.0,1.0,1.0,1.0,1.0,1.0,1.0,1.0,1.0,1.0,1.0,1.0,0.4966,0.2254,1.0942,0.0824,0.0,1000011,1,0,0,0,0,1,1,global_rbf
ptb_xl,f_1000011_s42,LVH_SokolowLyon,0.4075,0.391,0.1528,-0.0843,-1.1554,0.9868,0.5615,0.3169,0.8141,0.0141,0.0018,0.0781,0.0,0.0,1.0,0.0,0.9967,,,,,1.0,1000011,1,0,0,0,0,1,1,global_rbf
ptb_xl,f_1000012_s42,QRS_Overall,0.0,1.0,1.0,0.0,0.0,0.0,1.0,1.0,1.0,1.0,1.0,1.0,1.0,1.0,1.0,1.0,1.0,0.4966,0.2254,1.0942,0.0824,0.0,1000012,1,0,0,0,0,1,2,anatomical_laplacian
ptb_xl,f_1000012_s42,LVH_SokolowLyon,0.4038,0.3417,0.1167,-0.1402,-1.1984,0.918,0.491,0.183,0.8045,0.014,0.0018,0.0645,0.0,0.0,1.0,0.0,0.9967,,,,,1.0,1000012,1,0,0,0,0,1,2,anatomical_laplacian
ptb_xl,f_1000013_s42,QRS_Overall,0.0,1.0,1.0,0.0,0.0,0.0,1.0,1.0,1.0,1.0,1.0,1.0,1.0,1.0,1.0,1.0,1.0,0.4966,0.2254,1.0942,0.0824,0.0,1000013,1,0,0,0,0,1,3,anatomical_imq
ptb_xl,f_1000013_s42,LVH_SokolowLyon,0.4154,0.3091,0.0956,-0.2064,-1.2702,0.8574,0.4886,0.1988,0.7956,0.0106,0.0017,0.0466,0.0,0.0,1.0,0.0,0.9967,,,,,1.0,1000013,1,0,0,0,0,1,3,anatomical_imq
ptb_xl,f_1000014_s42,QRS_Overall,0.0,1.0,1.0,0.0,0.0,0.0,1.0,1.0,1.0,1.0,1.0,1.0,1.0,1.0,1.0,1.0,1.0,0.4966,0.2254,1.0942,0.0824,0.0,1000014,1,0,0,0,0,1,4,temporal_kmeans_imq
ptb_xl,f_1000014_s42,LVH_SokolowLyon,0.3959,0.3469,0.1204,-0.0607,-1.1277,1.0064,0.5168,0.2322,0.8137,0.0122,0.002,0.0536,0.0,0.0,1.0,0.0,0.9967,,,,,1.0,1000014,1,0,0,0,0,1,4,temporal_kmeans_imq
ptb_xl,f_1000100_s42,QRS_Overall,0.0,1.0,1.0,0.0,0.0,0.0,1.0,1.0,1.0,1.0,1.0,1.0,1.0,1.0,1.0,1.0,1.0,0.4966,0.2254,1.0942,0.0824,0.0,1000100,1,0,0,0,1,0,0,none
ptb_xl,f_1000100_s42,LVH_SokolowLyon,0.5047,0.3693,0.1364,-0.4015,-1.4186,0.6155,0.6179,0.3841,0.8534,0.0147,0.0019,0.0986,0.0,0.0,1.0,0.0,0.9967,,,,,1.0,1000100,1,0,0,0,1,0,0,none
ptb_xl,f_1000101_s42,QRS_Overall,0.0,1.0,1.0,0.0,0.0,0.0,1.0,1.0,1.0,1.0,1.0,1.0,1.0,1.0,1.0,1.0,1.0,0.4966,0.2254,1.0942,0.0824,0.0,1000101,1,0,0,0,1,0,1,global_rbf
ptb_xl,f_1000101_s42,LVH_SokolowLyon,0.5124,0.3784,0.1432,-0.412,-1.4284,0.6044,0.635,0.4092,0.8537,0.0137,0.0021,0.0904,0.0,0.0,1.0,0.0,0.9967,,,,,1.0,1000101,1,0,0,0,1,0,1,global_rbf
ptb_xl,f_1000102_s42,QRS_Overall,0.0,1.0,1.0,0.0,0.0,0.0,1.0,1.0,1.0,1.0,1.0,1.0,1.0,1.0,1.0,1.0,1.0,0.4966,0.2254,1.0942,0.0824,0.0,1000102,1,0,0,0,1,0,2,anatomical_laplacian
ptb_xl,f_1000102_s42,LVH_SokolowLyon,0.5046,0.3684,0.1357,-0.4015,-1.419,0.6159,0.6184,0.3839,0.855,0.0148,0.0019,0.0986,0.0,0.0,1.0,0.0,0.9967,,,,,1.0,1000102,1,0,0,0,1,0,2,anatomical_laplacian
ptb_xl,f_1000103_s42,QRS_Overall,0.0,1.0,1.0,0.0,0.0,0.0,1.0,1.0,1.0,1.0,1.0,1.0,1.0,1.0,1.0,1.0,1.0,0.4966,0.2254,1.0942,0.0824,0.0,1000103,1,0,0,0,1,0,3,anatomical_imq
ptb_xl,f_1000103_s42,LVH_SokolowLyon,0.505,0.3691,0.1362,-0.4022,-1.4192,0.6148,0.6178,0.3841,0.8533,0.0147,0.0019,0.0986,0.0,0.0,1.0,0.0,0.9967,,,,,1.0,1000103,1,0,0,0,1,0,3,anatomical_imq
ptb_xl,f_1000104_s42,QRS_Overall,0.0,1.0,1.0,0.0,0.0,0.0,1.0,1.0,1.0,1.0,1.0,1.0,1.0,1.0,1.0,1.0,1.0,0.4966,0.2254,1.0942,0.0824,0.0,1000104,1,0,0,0,1,0,4,temporal_kmeans_imq
ptb_xl,f_1000104_s42,LVH_SokolowLyon,0.5054,0.3693,0.1364,-0.4026,-1.4197,0.6145,0.6178,0.3835,0.8537,0.0147,0.0019,0.0986,0.0,0.0,1.0,0.0,0.9967,,,,,1.0,1000104,1,0,0,0,1,0,4,temporal_kmeans_imq
ptb_xl,f_1000110_s42,QRS_Overall,0.0,1.0,1.0,0.0,0.0,0.0,1.0,1.0,1.0,1.0,1.0,1.0,1.0,1.0,1.0,1.0,1.0,0.4966,0.2254,1.0942,0.0824,0.0,1000110,1,0,0,0,1,1,0,none
ptb_xl,f_1000110_s42,LVH_SokolowLyon,0.489,0.3284,0.1078,-0.3713,-1.4027,0.6601,0.619,0.4367,0.8066,0.0057,0.002,0.0181,0.0,0.0,1.0,0.0,0.9967,,,,,1.0,1000110,1,0,0,0,1,1,0,none
ptb_xl,f_1000111_s42,QRS_Overall,0.0,1.0,1.0,0.0,0.0,0.0,1.0,1.0,1.0,1.0,1.0,1.0,1.0,1.0,1.0,1.0,1.0,0.4966,0.2254,1.0942,0.0824,0.0,1000111,1,0,0,0,1,1,1,global_rbf
ptb_xl,f_1000111_s42,LVH_SokolowLyon,0.496,0.3367,0.1134,-0.3801,-1.4108,0.6506,0.6499,0.4699,0.834,0.0075,0.0021,0.0333,0.0,0.0,1.0,0.0,0.9967,,,,,1.0,1000111,1,0,0,0,1,1,1,global_rbf
ptb_xl,f_1000112_s42,QRS_Overall,0.0,1.0,1.0,0.0,0.0,0.0,1.0,1.0,1.0,1.0,1.0,1.0,1.0,1.0,1.0,1.0,1.0,0.4966,0.2254,1.0942,0.0824,0.0,1000112,1,0,0,0,1,1,2,anatomical_laplacian
ptb_xl,f_1000112_s42,LVH_SokolowLyon,0.4894,0.3281,0.1077,-0.3726,-1.4031,0.658,0.6199,0.4347,0.8072,0.0056,0.002,0.0178,0.0,0.0,1.0,0.0,0.9967,,,,,1.0,1000112,1,0,0,0,1,1,2,anatomical_laplacian
ptb_xl,f_1000113_s42,QRS_Overall,0.0,1.0,1.0,0.0,0.0,0.0,1.0,1.0,1.0,1.0,1.0,1.0,1.0,1.0,1.0,1.0,1.0,0.4966,0.2254,1.0942,0.0824,0.0,1000113,1,0,0,0,1,1,3,anatomical_imq
ptb_xl,f_1000113_s42,LVH_SokolowLyon,0.4884,0.328,0.1076,-0.3699,-1.4017,0.6619,0.6163,0.4333,0.8053,0.0056,0.0019,0.018,0.0,0.0,1.0,0.0,0.9967,,,,,1.0,1000113,1,0,0,0,1,1,3,anatomical_imq
ptb_xl,f_1000114_s42,QRS_Overall,0.0,1.0,1.0,0.0,0.0,0.0,1.0,1.0,1.0,1.0,1.0,1.0,1.0,1.0,1.0,1.0,1.0,0.4966,0.2254,1.0942,0.0824,0.0,1000114,1,0,0,0,1,1,4,temporal_kmeans_imq
ptb_xl,f_1000114_s42,LVH_SokolowLyon,0.4894,0.3279,0.1075,-0.3716,-1.4035,0.6603,0.6165,0.4336,0.8055,0.0056,0.0019,0.018,0.0,0.0,1.0,0.0,0.9967,,,,,1.0,1000114,1,0,0,0,1,1,4,temporal_kmeans_imq
ptb_xl,f_1001000_s42,QRS_Overall,0.0,1.0,1.0,0.0,0.0,0.0,1.0,1.0,1.0,1.0,1.0,1.0,1.0,1.0,1.0,1.0,1.0,0.4966,0.2254,1.0942,0.0824,0.0,1001000,1,0,0,1,0,0,0,none
ptb_xl,f_1001000_s42,LVH_SokolowLyon,0.5207,0.4417,0.1951,-0.4262,-1.4223,0.5699,0.7803,0.6219,0.9213,0.0275,0.0036,0.1323,0.0,0.0,1.0,0.0,0.9967,,,,,1.0,1001000,1,0,0,1,0,0,0,none
ptb_xl,f_1001001_s42,QRS_Overall,0.0,1.0,1.0,0.0,0.0,0.0,1.0,1.0,1.0,1.0,1.0,1.0,1.0,1.0,1.0,1.0,1.0,0.4966,0.2254,1.0942,0.0824,0.0,1001001,1,0,0,1,0,0,1,global_rbf
ptb_xl,f_1001001_s42,LVH_SokolowLyon,0.4968,0.441,0.1945,-0.3325,-1.3832,0.7181,0.7948,0.6755,0.906,0.0242,0.0035,0.1028,0.0,0.0,1.0,0.0,0.9967,,,,,1.0,1001001,1,0,0,1,0,0,1,global_rbf
ptb_xl,f_1001002_s42,QRS_Overall,0.0,1.0,1.0,0.0,0.0,0.0,1.0,1.0,1.0,1.0,1.0,1.0,1.0,1.0,1.0,1.0,1.0,0.4966,0.2254,1.0942,0.0824,0.0,1001002,1,0,0,1,0,0,2,anatomical_laplacian
ptb_xl,f_1001002_s42,LVH_SokolowLyon,0.5412,0.4641,0.2154,-0.4659,-1.4397,0.508,0.7765,0.6398,0.9054,0.0438,0.0032,0.2132,0.0,0.0,1.0,0.0,0.9967,,,,,1.0,1001002,1,0,0,1,0,0,2,anatomical_laplacian
ptb_xl,f_1001003_s42,QRS_Overall,0.0,1.0,1.0,0.0,0.0,0.0,1.0,1.0,1.0,1.0,1.0,1.0,1.0,1.0,1.0,1.0,1.0,0.4966,0.2254,1.0942,0.0824,0.0,1001003,1,0,0,1,0,0,3,anatomical_imq
ptb_xl,f_1001003_s42,LVH_SokolowLyon,0.5342,0.4491,0.2017,-0.4472,-1.4389,0.5445,0.7907,0.6386,0.9255,0.0294,0.0038,0.1442,0.0,0.0,1.0,0.0,0.9967,,,,,1.0,1001003,1,0,0,1,0,0,3,anatomical_imq
ptb_xl,f_1001004_s42,QRS_Overall,0.0,1.0,1.0,0.0,0.0,0.0,1.0,1.0,1.0,1.0,1.0,1.0,1.0,1.0,1.0,1.0,1.0,0.4966,0.2254,1.0942,0.0824,0.0,1001004,1,0,0,1,0,0,4,temporal_kmeans_imq
ptb_xl,f_1001004_s42,LVH_SokolowLyon,0.5429,0.4394,0.1931,-0.4467,-1.4586,0.5653,0.7793,0.6098,0.9277,0.0378,0.0036,0.1749,0.0,0.0,1.0,0.0,0.9967,,,,,1.0,1001004,1,0,0,1,0,0,4,temporal_kmeans_imq
ptb_xl,f_1001010_s42,QRS_Overall,0.0,1.0,1.0,0.0,0.0,0.0,1.0,1.0,1.0,1.0,1.0,1.0,1.0,1.0,1.0,1.0,1.0,0.4966,0.2254,1.0942,0.0824,0.0,1001010,1,0,0,1,0,1,0,none
ptb_xl,f_1001010_s42,LVH_SokolowLyon,0.47,0.4335,0.1879,-0.3248,-1.3466,0.697,0.635,0.3973,0.847,0.0128,0.0021,0.0659,0.0,0.0,1.0,0.0,0.9967,,,,,1.0,1001010,1,0,0,1,0,1,0,none
ptb_xl,f_1001011_s42,QRS_Overall,0.0,1.0,1.0,0.0,0.0,0.0,1.0,1.0,1.0,1.0,1.0,1.0,1.0,1.0,1.0,1.0,1.0,0.4966,0.2254,1.0942,0.0824,0.0,1001011,1,0,0,1,0,1,1,global_rbf
ptb_xl,f_1001011_s42,LVH_SokolowLyon,0.4273,0.4428,0.196,-0.2216,-1.2382,0.7951,0.7129,0.5173,0.8864,0.0178,0.0027,0.1027,0.0,0.0,1.0,0.0,0.9967,,,,,1.0,1001011,1,0,0,1,0,1,1,global_rbf
ptb_xl,f_1001012_s42,QRS_Overall,0.0,1.0,1.0,0.0,0.0,0.0,1.0,1.0,1.0,1.0,1.0,1.0,1.0,1.0,1.0,1.0,1.0,0.4966,0.2254,1.0942,0.0824,0.0,1001012,1,0,0,1,0,1,2,anatomical_laplacian
ptb_xl,f_1001012_s42,LVH_SokolowLyon,0.524,0.4417,0.1951,-0.4357,-1.4276,0.5562,0.6333,0.3479,0.8783,0.0185,0.0023,0.0997,0.0,0.0,1.0,0.0,0.9967,,,,,1.0,1001012,1,0,0,1,0,1,2,anatomical_laplacian
ptb_xl,f_1001013_s42,QRS_Overall,0.0,1.0,1.0,0.0,0.0,0.0,1.0,1.0,1.0,1.0,1.0,1.0,1.0,1.0,1.0,1.0,1.0,0.4966,0.2254,1.0942,0.0824,0.0,1001013,1,0,0,1,0,1,3,anatomical_imq
ptb_xl,f_1001013_s42,LVH_SokolowLyon,0.4923,0.4314,0.1861,-0.3621,-1.3885,0.6642,0.6434,0.4127,0.8521,0.0156,0.0021,0.087,0.0,0.0,1.0,0.0,0.9967,,,,,1.0,1001013,1,0,0,1,0,1,3,anatomical_imq
ptb_xl,f_1001014_s42,QRS_Overall,0.0,1.0,1.0,0.0,0.0,0.0,1.0,1.0,1.0,1.0,1.0,1.0,1.0,1.0,1.0,1.0,1.0,0.4966,0.2254,1.0942,0.0824,0.0,1001014,1,0,0,1,0,1,4,temporal_kmeans_imq
ptb_xl,f_1001014_s42,LVH_SokolowLyon,0.4916,0.4349,0.1891,-0.3521,-1.3857,0.6815,0.6468,0.4036,0.8598,0.0144,0.0022,0.0752,0.0,0.0,1.0,0.0,0.9967,,,,,1.0,1001014,1,0,0,1,0,1,4,temporal_kmeans_imq
ptb_xl,f_1001100_s42,QRS_Overall,0.0,1.0,1.0,0.0,0.0,0.0,1.0,1.0,1.0,1.0,1.0,1.0,1.0,1.0,1.0,1.0,1.0,0.4966,0.2254,1.0942,0.0824,0.0,1001100,1,0,0,1,1,0,0,none
ptb_xl,f_1001100_s42,LVH_SokolowLyon,0.4903,0.3001,0.0901,-0.3678,-1.4205,0.6849,0.581,0.4565,0.7296,0.0046,0.0018,0.0136,0.0,0.0,1.0,0.0,0.9967,,,,,1.0,1001100,1,0,0,1,1,0,0,none
ptb_xl,f_1001101_s42,QRS_Overall,0.0,1.0,1.0,0.0,0.0,0.0,1.0,1.0,1.0,1.0,1.0,1.0,1.0,1.0,1.0,1.0,1.0,0.4966,0.2254,1.0942,0.0824,0.0,1001101,1,0,0,1,1,0,1,global_rbf
ptb_xl,f_1001101_s42,LVH_SokolowLyon,0.4936,0.3067,0.094,-0.3698,-1.4231,0.6835,0.5939,0.462,0.736,0.0045,0.0019,0.0109,0.0,0.0,1.0,0.0,0.9967,,,,,1.0,1001101,1,0,0,1,1,0,1,global_rbf
ptb_xl,f_1001102_s42,QRS_Overall,0.0,1.0,1.0,0.0,0.0,0.0,1.0,1.0,1.0,1.0,1.0,1.0,1.0,1.0,1.0,1.0,1.0,0.4966,0.2254,1.0942,0.0824,0.0,1001102,1,0,0,1,1,0,2,anatomical_laplacian
ptb_xl,f_1001102_s42,LVH_SokolowLyon,0.4917,0.301,0.0906,-0.3706,-1.4226,0.6813,0.5842,0.4602,0.7321,0.0047,0.0018,0.014,0.0,0.0,1.0,0.0,0.9967,,,,,1.0,1001102,1,0,0,1,1,0,2,anatomical_laplacian
ptb_xl,f_1001103_s42,QRS_Overall,0.0,1.0,1.0,0.0,0.0,0.0,1.0,1.0,1.0,1.0,1.0,1.0,1.0,1.0,1.0,1.0,1.0,0.4966,0.2254,1.0942,0.0824,0.0,1001103,1,0,0,1,1,0,3,anatomical_imq
ptb_xl,f_1001103_s42,LVH_SokolowLyon,0.4908,0.3002,0.0901,-0.3687,-1.4214,0.6839,0.5807,0.456,0.7296,0.0046,0.0018,0.0138,0.0,0.0,1.0,0.0,0.9967,,,,,1.0,1001103,1,0,0,1,1,0,3,anatomical_imq
ptb_xl,f_1001104_s42,QRS_Overall,0.0,1.0,1.0,0.0,0.0,0.0,1.0,1.0,1.0,1.0,1.0,1.0,1.0,1.0,1.0,1.0,1.0,0.4966,0.2254,1.0942,0.0824,0.0,1001104,1,0,0,1,1,0,4,temporal_kmeans_imq
ptb_xl,f_1001104_s42,LVH_SokolowLyon,0.4922,0.3002,0.0901,-0.3712,-1.4238,0.6814,0.5827,0.4589,0.7306,0.0047,0.0018,0.014,0.0,0.0,1.0,0.0,0.9967,,,,,1.0,1001104,1,0,0,1,1,0,4,temporal_kmeans_imq
ptb_xl,f_1001110_s42,QRS_Overall,0.0,1.0,1.0,0.0,0.0,0.0,1.0,1.0,1.0,1.0,1.0,1.0,1.0,1.0,1.0,1.0,1.0,0.4966,0.2254,1.0942,0.0824,0.0,1001110,1,0,0,1,1,1,0,none
ptb_xl,f_1001110_s42,LVH_SokolowLyon,0.472,0.2416,0.0584,-0.3064,-1.3999,0.787,0.5326,0.3893,0.6684,0.0038,0.0016,0.0081,0.0,0.0,1.0,0.0,0.9967,,,,,1.0,1001110,1,0,0,1,1,1,0,none
ptb_xl,f_1001111_s42,QRS_Overall,0.0,1.0,1.0,0.0,0.0,0.0,1.0,1.0,1.0,1.0,1.0,1.0,1.0,1.0,1.0,1.0,1.0,0.4966,0.2254,1.0942,0.0824,0.0,1001111,1,0,0,1,1,1,1,global_rbf
ptb_xl,f_1001111_s42,LVH_SokolowLyon,0.4732,0.2589,0.067,-0.3095,-1.3965,0.7775,0.556,0.4196,0.6896,0.004,0.0018,0.0084,0.0,0.0,1.0,0.0,0.9967,,,,,1.0,1001111,1,0,0,1,1,1,1,global_rbf
ptb_xl,f_1001112_s42,QRS_Overall,0.0,1.0,1.0,0.0,0.0,0.0,1.0,1.0,1.0,1.0,1.0,1.0,1.0,1.0,1.0,1.0,1.0,0.4966,0.2254,1.0942,0.0824,0.0,1001112,1,0,0,1,1,1,2,anatomical_laplacian
ptb_xl,f_1001112_s42,LVH_SokolowLyon,0.472,0.25,0.0625,-0.304,-1.3966,0.7887,0.5406,0.3991,0.6764,0.0039,0.0017,0.0081,0.0,0.0,1.0,0.0,0.9967,,,,,1.0,1001112,1,0,0,1,1,1,2,anatomical_laplacian
ptb_xl,f_1001113_s42,QRS_Overall,0.0,1.0,1.0,0.0,0.0,0.0,1.0,1.0,1.0,1.0,1.0,1.0,1.0,1.0,1.0,1.0,1.0,0.4966,0.2254,1.0942,0.0824,0.0,1001113,1,0,0,1,1,1,3,anatomical_imq
ptb_xl,f_1001113_s42,LVH_SokolowLyon,0.4718,0.2414,0.0583,-0.3058,-1.3995,0.7879,0.5319,0.3891,0.6693,0.0038,0.0016,0.0081,0.0,0.0,1.0,0.0,0.9967,,,,,1.0,1001113,1,0,0,1,1,1,3,anatomical_imq
ptb_xl,f_1001114_s42,QRS_Overall,0.0,1.0,1.0,0.0,0.0,0.0,1.0,1.0,1.0,1.0,1.0,1.0,1.0,1.0,1.0,1.0,1.0,0.4966,0.2254,1.0942,0.0824,0.0,1001114,1,0,0,1,1,1,4,temporal_kmeans_imq
ptb_xl,f_1001114_s42,LVH_SokolowLyon,0.472,0.2417,0.0584,-0.3062,-1.3999,0.7875,0.5327,0.3901,0.669,0.0038,0.0016,0.0082,0.0,0.0,1.0,0.0,0.9967,,,,,1.0,1001114,1,0,0,1,1,1,4,temporal_kmeans_imq
ptb_xl,f_1010000_s42,QRS_Overall,0.0,1.0,1.0,0.0,0.0,0.0,1.0,1.0,1.0,1.0,1.0,1.0,1.0,1.0,1.0,1.0,1.0,0.4966,0.2254,1.0942,0.0824,0.0,1010000,1,0,1,0,0,0,0,none
ptb_xl,f_1010000_s42,LVH_SokolowLyon,0.6136,0.4128,0.1704,-0.5907,-1.5453,0.3638,0.54,0.3186,0.7963,0.0317,0.0016,0.2146,0.0,0.0,1.0,0.0,0.9967,,,,,1.0,1010000,1,0,1,0,0,0,0,none
ptb_xl,f_1010001_s42,QRS_Overall,0.0,1.0,1.0,0.0,0.0,0.0,1.0,1.0,1.0,1.0,1.0,1.0,1.0,1.0,1.0,1.0,1.0,0.4966,0.2254,1.0942,0.0824,0.0,1010001,1,0,1,0,0,0,1,global_rbf
ptb_xl,f_1010001_s42,LVH_SokolowLyon,0.3525,0.4176,0.1744,-0.1293,-1.0886,0.83,0.5762,0.3209,0.8327,0.0172,0.0021,0.1093,0.0,0.0,1.0,0.0,0.9967,,,,,1.0,1010001,1,0,1,0,0,0,1,global_rbf
ptb_xl,f_1010002_s42,QRS_Overall,0.0,1.0,1.0,0.0,0.0,0.0,1.0,1.0,1.0,1.0,1.0,1.0,1.0,1.0,1.0,1.0,1.0,0.4966,0.2254,1.0942,0.0824,0.0,1010002,1,0,1,0,0,0,2,anatomical_laplacian
ptb_xl,f_1010002_s42,LVH_SokolowLyon,0.3821,0.3226,0.1041,-0.1659,-1.1897,0.8579,0.4847,0.1872,0.7915,0.0093,0.0019,0.0431,0.0,0.0,1.0,0.0,0.9967,,,,,1.0,1010002,1,0,1,0,0,0,2,anatomical_laplacian
ptb_xl,f_1010003_s42,QRS_Overall,0.0,1.0,1.0,0.0,0.0,0.0,1.0,1.0,1.0,1.0,1.0,1.0,1.0,1.0,1.0,1.0,1.0,0.4966,0.2254,1.0942,0.0824,0.0,1010003,1,0,1,0,0,0,3,anatomical_imq
ptb_xl,f_1010003_s42,LVH_SokolowLyon,0.5714,0.391,0.1528,-0.5399,-1.5085,0.4287,0.5487,0.3055,0.81,0.038,0.0016,0.2511,0.0,0.0,1.0,0.0,0.9967,,,,,1.0,1010003,1,0,1,0,0,0,3,anatomical_imq
ptb_xl,f_1010004_s42,QRS_Overall,0.0,1.0,1.0,0.0,0.0,0.0,1.0,1.0,1.0,1.0,1.0,1.0,1.0,1.0,1.0,1.0,1.0,0.4966,0.2254,1.0942,0.0824,0.0,1010004,1,0,1,0,0,0,4,temporal_kmeans_imq
ptb_xl,f_1010004_s42,LVH_SokolowLyon,0.4739,0.395,0.156,-0.4126,-1.3893,0.5641,0.5226,0.2535,0.8068,0.0175,0.0017,0.1032,0.0,0.0,1.0,0.0,0.9967,,,,,1.0,1010004,1,0,1,0,0,0,4,temporal_kmeans_imq
ptb_xl,f_1010010_s42,QRS_Overall,0.0,1.0,1.0,0.0,0.0,0.0,1.0,1.0,1.0,1.0,1.0,1.0,1.0,1.0,1.0,1.0,1.0,0.4966,0.2254,1.0942,0.0824,0.0,1010010,1,0,1,0,0,1,0,none
ptb_xl,f_1010010_s42,LVH_SokolowLyon,0.5695,0.3911,0.1529,-0.5406,-1.5017,0.4205,0.5441,0.277,0.8081,0.0135,0.002,0.0805,0.0,0.0,1.0,0.0,0.9967,,,,,1.0,1010010,1,0,1,0,0,1,0,none
ptb_xl,f_1010011_s42,QRS_Overall,0.0,1.0,1.0,0.0,0.0,0.0,1.0,1.0,1.0,1.0,1.0,1.0,1.0,1.0,1.0,1.0,1.0,0.4966,0.2254,1.0942,0.0824,0.0,1010011,1,0,1,0,0,1,1,global_rbf
ptb_xl,f_1010011_s42,LVH_SokolowLyon,0.4897,0.3174,0.1008,-0.3896,-1.441,0.6617,0.482,0.1657,0.7953,0.023,0.0016,0.1174,0.0,0.0,1.0,0.0,0.9967,,,,,1.0,1010011,1,0,1,0,0,1,1,global_rbf
ptb_xl,f_1010012_s42,QRS_Overall,0.0,1.0,1.0,0.0,0.0,0.0,1.0,1.0,1.0,1.0,1.0,1.0,1.0,1.0,1.0,1.0,1.0,0.4966,0.2254,1.0942,0.0824,0.0,1010012,1,0,1,0,0,1,2,anatomical_laplacian
ptb_xl,f_1010012_s42,LVH_SokolowLyon,0.511,0.3679,0.1353,-0.4504,-1.4256,0.5248,0.5884,0.3383,0.8405,0.0132,0.002,0.0583,0.0,0.0,1.0,0.0,0.9967,,,,,1.0,1010012,1,0,1,0,0,1,2,anatomical_laplacian
ptb_xl,f_1010013_s42,QRS_Overall,0.0,1.0,1.0,0.0,0.0,0.0,1.0,1.0,1.0,1.0,1.0,1.0,1.0,1.0,1.0,1.0,1.0,0.4966,0.2254,1.0942,0.0824,0.0,1010013,1,0,1,0,0,1,3,anatomical_imq
ptb_xl,f_1010013_s42,LVH_SokolowLyon,0.5714,0.4013,0.161,-0.5413,-1.4976,0.4151,0.5999,0.3469,0.8418,0.0106,0.0021,0.0518,0.0,0.0,1.0,0.0,0.9967,,,,,1.0,1010013,1,0,1,0,0,1,3,anatomical_imq
ptb_xl,f_1010014_s42,QRS_Overall,0.0,1.0,1.0,0.0,0.0,0.0,1.0,1.0,1.0,1.0,1.0,1.0,1.0,1.0,1.0,1.0,1.0,0.4966,0.2254,1.0942,0.0824,0.0,1010014,1,0,1,0,0,1,4,temporal_kmeans_imq
ptb_xl,f_1010014_s42,LVH_SokolowLyon,0.4778,0.425,0.1806,-0.4205,-1.3663,0.5252,0.628,0.3793,0.8568,0.0121,0.0023,0.0568,0.0,0.0,1.0,0.0,0.9967,,,,,1.0,1010014,1,0,1,0,0,1,4,temporal_kmeans_imq
ptb_xl,f_1010100_s42,QRS_Overall,0.0,1.0,1.0,0.0,0.0,0.0,1.0,1.0,1.0,1.0,1.0,1.0,1.0,1.0,1.0,1.0,1.0,0.4966,0.2254,1.0942,0.0824,0.0,1010100,1,0,1,0,1,0,0,none
ptb_xl,f_1010100_s42,LVH_SokolowLyon,0.5931,0.3425,0.1173,-0.5453,-1.5482,0.4577,0.6934,0.4411,0.8975,0.0223,0.0032,0.1501,0.0,0.0,1.0,0.0,0.9967,,,,,1.0,1010100,1,0,1,0,1,0,0,none
ptb_xl,f_1010101_s42,QRS_Overall,0.0,1.0,1.0,0.0,0.0,0.0,1.0,1.0,1.0,1.0,1.0,1.0,1.0,1.0,1.0,1.0,1.0,0.4966,0.2254,1.0942,0.0824,0.0,1010101,1,0,1,0,1,0,1,global_rbf
ptb_xl,f_1010101_s42,LVH_SokolowLyon,0.5919,0.3558,0.1266,-0.5392,-1.5428,0.4644,0.7206,0.4676,0.9084,0.0183,0.0033,0.1087,0.0,0.0,1.0,0.0,0.9967,,,,,1.0,1010101,1,0,1,0,1,0,1,global_rbf
ptb_xl,f_1010102_s42,QRS_Overall,0.0,1.0,1.0,0.0,0.0,0.0,1.0,1.0,1.0,1.0,1.0,1.0,1.0,1.0,1.0,1.0,1.0,0.4966,0.2254,1.0942,0.0824,0.0,1010102,1,0,1,0,1,0,2,anatomical_laplacian
ptb_xl,f_1010102_s42,LVH_SokolowLyon,0.5968,0.3471,0.1205,-0.5466,-1.5516,0.4585,0.7127,0.4634,0.9029,0.0181,0.0032,0.1088,0.0,0.0,1.0,0.0,0.9967,,,,,1.0,1010102,1,0,1,0,1,0,2,anatomical_laplacian
ptb_xl,f_1010103_s42,QRS_Overall,0.0,1.0,1.0,0.0,0.0,0.0,1.0,1.0,1.0,1.0,1.0,1.0,1.0,1.0,1.0,1.0,1.0,0.4966,0.2254,1.0942,0.0824,0.0,1010103,1,0,1,0,1,0,3,anatomical_imq
ptb_xl,f_1010103_s42,LVH_SokolowLyon,0.5921,0.3418,0.1169,-0.5439,-1.5473,0.4594,0.693,0.4405,0.8973,0.0222,0.0032,0.15,0.0,0.0,1.0,0.0,0.9967,,,,,1.0,1010103,1,0,1,0,1,0,3,anatomical_imq
ptb_xl,f_1010104_s42,QRS_Overall,0.0,1.0,1.0,0.0,0.0,0.0,1.0,1.0,1.0,1.0,1.0,1.0,1.0,1.0,1.0,1.0,1.0,0.4966,0.2254,1.0942,0.0824,0.0,1010104,1,0,1,0,1,0,4,temporal_kmeans_imq
ptb_xl,f_1010104_s42,LVH_SokolowLyon,0.5929,0.3422,0.1171,-0.545,-1.5482,0.4582,0.6932,0.4408,0.8975,0.0222,0.0032,0.15,0.0,0.0,1.0,0.0,0.9967,,,,,1.0,1010104,1,0,1,0,1,0,4,temporal_kmeans_imq
ptb_xl,f_1010110_s42,QRS_Overall,0.0,1.0,1.0,0.0,0.0,0.0,1.0,1.0,1.0,1.0,1.0,1.0,1.0,1.0,1.0,1.0,1.0,0.4966,0.2254,1.0942,0.0824,0.0,1010110,1,0,1,0,1,1,0,none
ptb_xl,f_1010110_s42,LVH_SokolowLyon,0.5985,0.3138,0.0985,-0.5372,-1.5776,0.5031,0.5305,0.2881,0.7692,0.0111,0.0017,0.0814,0.0,0.0,1.0,0.0,0.9967,,,,,1.0,1010110,1,0,1,0,1,1,0,none
ptb_xl,f_1010111_s42,QRS_Overall,0.0,1.0,1.0,0.0,0.0,0.0,1.0,1.0,1.0,1.0,1.0,1.0,1.0,1.0,1.0,1.0,1.0,0.4966,0.2254,1.0942,0.0824,0.0,1010111,1,0,1,0,1,1,1,global_rbf
ptb_xl,f_1010111_s42,LVH_SokolowLyon,0.5968,0.3303,0.1091,-0.5355,-1.5681,0.4971,0.5716,0.3197,0.8058,0.011,0.0019,0.0755,0.0,0.0,1.0,0.0,0.9967,,,,,1.0,1010111,1,0,1,0,1,1,1,global_rbf
ptb_xl,f_1010112_s42,QRS_Overall,0.0,1.0,1.0,0.0,0.0,0.0,1.0,1.0,1.0,1.0,1.0,1.0,1.0,1.0,1.0,1.0,1.0,0.4966,0.2254,1.0942,0.0824,0.0,1010112,1,0,1,0,1,1,2,anatomical_laplacian
ptb_xl,f_1010112_s42,LVH_SokolowLyon,0.5963,0.314,0.0986,-0.5345,-1.5748,0.5059,0.5277,0.2841,0.7676,0.0111,0.0016,0.0814,0.0,0.0,1.0,0.0,0.9967,,,,,1.0,1010112,1,0,1,0,1,1,2,anatomical_laplacian
ptb_xl,f_1010113_s42,QRS_Overall,0.0,1.0,1.0,0.0,0.0,0.0,1.0,1.0,1.0,1.0,1.0,1.0,1.0,1.0,1.0,1.0,1.0,0.4966,0.2254,1.0942,0.0824,0.0,1010113,1,0,1,0,1,1,3,anatomical_imq
ptb_xl,f_1010113_s42,LVH_SokolowLyon,0.5985,0.3137,0.0984,-0.5373,-1.5776,0.503,0.5304,0.2883,0.7689,0.0111,0.0017,0.0814,0.0,0.0,1.0,0.0,0.9967,,,,,1.0,1010113,1,0,1,0,1,1,3,anatomical_imq
ptb_xl,f_1010114_s42,QRS_Overall,0.0,1.0,1.0,0.0,0.0,0.0,1.0,1.0,1.0,1.0,1.0,1.0,1.0,1.0,1.0,1.0,1.0,0.4966,0.2254,1.0942,0.0824,0.0,1010114,1,0,1,0,1,1,4,temporal_kmeans_imq
ptb_xl,f_1010114_s42,LVH_SokolowLyon,0.5995,0.3137,0.0984,-0.5385,-1.5788,0.5017,0.5318,0.2889,0.7714,0.0112,0.0017,0.0814,0.0,0.0,1.0,0.0,0.9967,,,,,1.0,1010114,1,0,1,0,1,1,4,temporal_kmeans_imq
ptb_xl,f_1011000_s42,QRS_Overall,0.0,1.0,1.0,0.0,0.0,0.0,1.0,1.0,1.0,1.0,1.0,1.0,1.0,1.0,1.0,1.0,1.0,0.4966,0.2254,1.0942,0.0824,0.0,1011000,1,0,1,1,0,0,0,none
ptb_xl,f_1011000_s42,LVH_SokolowLyon,0.5788,0.4667,0.2178,-0.5414,-1.4756,0.3929,0.834,0.674,0.9457,0.034,0.0052,0.2034,0.0,0.0,1.0,0.0,0.9967,,,,,1.0,1011000,1,0,1,1,0,0,0,none
ptb_xl,f_1011001_s42,QRS_Overall,0.0,1.0,1.0,0.0,0.0,0.0,1.0,1.0,1.0,1.0,1.0,1.0,1.0,1.0,1.0,1.0,1.0,0.4966,0.2254,1.0942,0.0824,0.0,1011001,1,0,1,1,0,0,1,global_rbf
ptb_xl,f_1011001_s42,LVH_SokolowLyon,0.6457,0.4589,0.2106,-0.6158,-1.5566,0.325,0.7564,0.539,0.9478,0.0439,0.0034,0.2677,0.0,0.0,1.0,0.0,0.9967,,,,,1.0,1011001,1,0,1,1,0,0,1,global_rbf
ptb_xl,f_1011002_s42,QRS_Overall,0.0,1.0,1.0,0.0,0.0,0.0,1.0,1.0,1.0,1.0,1.0,1.0,1.0,1.0,1.0,1.0,1.0,0.4966,0.2254,1.0942,0.0824,0.0,1011002,1,0,1,1,0,0,2,anatomical_laplacian
ptb_xl,f_1011002_s42,LVH_SokolowLyon,0.6473,0.441,0.1945,-0.6166,-1.5683,0.335,0.7608,0.5586,0.9352,0.0482,0.0034,0.3176,0.0,0.0,1.0,0.0,0.9967,,,,,1.0,1011002,1,0,1,1,0,0,2,anatomical_laplacian
ptb_xl,f_1011003_s42,QRS_Overall,0.0,1.0,1.0,0.0,0.0,0.0,1.0,1.0,1.0,1.0,1.0,1.0,1.0,1.0,1.0,1.0,1.0,0.4966,0.2254,1.0942,0.0824,0.0,1011003,1,0,1,1,0,0,3,anatomical_imq
ptb_xl,f_1011003_s42,LVH_SokolowLyon,0.6044,0.4655,0.2166,-0.5729,-1.5071,0.3612,0.8081,0.618,0.9453,0.0396,0.0043,0.2373,0.0,0.0,1.0,0.0,0.9967,,,,,1.0,1011003,1,0,1,1,0,0,3,anatomical_imq
ptb_xl,f_1011004_s42,QRS_Overall,0.0,1.0,1.0,0.0,0.0,0.0,1.0,1.0,1.0,1.0,1.0,1.0,1.0,1.0,1.0,1.0,1.0,0.4966,0.2254,1.0942,0.0824,0.0,1011004,1,0,1,1,0,0,4,temporal_kmeans_imq
ptb_xl,f_1011004_s42,LVH_SokolowLyon,0.5907,0.4487,0.2013,-0.554,-1.5046,0.3966,0.7903,0.5654,0.939,0.0596,0.0043,0.3504,0.0,0.0,1.0,0.0,0.9967,,,,,1.0,1011004,1,0,1,1,0,0,4,temporal_kmeans_imq
ptb_xl,f_1011010_s42,QRS_Overall,0.0,1.0,1.0,0.0,0.0,0.0,1.0,1.0,1.0,1.0,1.0,1.0,1.0,1.0,1.0,1.0,1.0,0.4966,0.2254,1.0942,0.0824,0.0,1011010,1,0,1,1,0,1,0,none
ptb_xl,f_1011010_s42,LVH_SokolowLyon,0.5927,0.377,0.1421,-0.5468,-1.5463,0.4527,0.5448,0.2685,0.8261,0.0165,0.0018,0.083,0.0,0.0,1.0,0.0,0.9967,,,,,1.0,1011010,1,0,1,1,0,1,0,none
ptb_xl,f_1011011_s42,QRS_Overall,0.0,1.0,1.0,0.0,0.0,0.0,1.0,1.0,1.0,1.0,1.0,1.0,1.0,1.0,1.0,1.0,1.0,0.4966,0.2254,1.0942,0.0824,0.0,1011011,1,0,1,1,0,1,1,global_rbf
ptb_xl,f_1011011_s42,LVH_SokolowLyon,0.563,0.3774,0.1425,-0.4877,-1.5133,0.5379,0.6129,0.4224,0.8104,0.0275,0.002,0.1713,0.0,0.0,1.0,0.0,0.9967,,,,,1.0,1011011,1,0,1,1,0,1,1,global_rbf
ptb_xl,f_1011012_s42,QRS_Overall,0.0,1.0,1.0,0.0,0.0,0.0,1.0,1.0,1.0,1.0,1.0,1.0,1.0,1.0,1.0,1.0,1.0,0.4966,0.2254,1.0942,0.0824,0.0,1011012,1,0,1,1,0,1,2,anatomical_laplacian
ptb_xl,f_1011012_s42,LVH_SokolowLyon,0.6931,0.3273,0.1071,-0.6585,-1.6856,0.3686,0.5605,0.292,0.8311,0.0227,0.0018,0.1134,0.0,0.0,1.0,0.0,0.9967,,,,,1.0,1011012,1,0,1,1,0,1,2,anatomical_laplacian
ptb_xl,f_1011013_s42,QRS_Overall,0.0,1.0,1.0,0.0,0.0,0.0,1.0,1.0,1.0,1.0,1.0,1.0,1.0,1.0,1.0,1.0,1.0,0.4966,0.2254,1.0942,0.0824,0.0,1011013,1,0,1,1,0,1,3,anatomical_imq
ptb_xl,f_1011013_s42,LVH_SokolowLyon,0.6125,0.3745,0.1403,-0.57,-1.5711,0.4311,0.5615,0.293,0.8332,0.0201,0.0018,0.1145,0.0,0.0,1.0,0.0,0.9967,,,,,1.0,1011013,1,0,1,1,0,1,3,anatomical_imq
ptb_xl,f_1011014_s42,QRS_Overall,0.0,1.0,1.0,0.0,0.0,0.0,1.0,1.0,1.0,1.0,1.0,1.0,1.0,1.0,1.0,1.0,1.0,0.4966,0.2254,1.0942,0.0824,0.0,1011014,1,0,1,1,0,1,4,temporal_kmeans_imq
ptb_xl,f_1011014_s42,LVH_SokolowLyon,0.6568,0.3741,0.1399,-0.6213,-1.6236,0.381,0.5717,0.3137,0.8356,0.0259,0.0018,0.1284,0.0,0.0,1.0,0.0,0.9967,,,,,1.0,1011014,1,0,1,1,0,1,4,temporal_kmeans_imq
ptb_xl,f_1011100_s42,QRS_Overall,0.0,1.0,1.0,0.0,0.0,0.0,1.0,1.0,1.0,1.0,1.0,1.0,1.0,1.0,1.0,1.0,1.0,0.4966,0.2254,1.0942,0.0824,0.0,1011100,1,0,1,1,1,0,0,none
ptb_xl,f_1011100_s42,LVH_SokolowLyon,0.598,0.3275,0.1072,-0.5422,-1.5728,0.4884,0.5327,0.266,0.8023,0.0149,0.0017,0.1219,0.0,0.0,1.0,0.0,0.9967,,,,,1.0,1011100,1,0,1,1,1,0,0,none
ptb_xl,f_1011101_s42,QRS_Overall,0.0,1.0,1.0,0.0,0.0,0.0,1.0,1.0,1.0,1.0,1.0,1.0,1.0,1.0,1.0,1.0,1.0,0.4966,0.2254,1.0942,0.0824,0.0,1011101,1,0,1,1,1,0,1,global_rbf
ptb_xl,f_1011101_s42,LVH_SokolowLyon,0.5997,0.3327,0.1107,-0.5397,-1.5787,0.4993,0.5482,0.295,0.8006,0.0107,0.0017,0.0739,0.0,0.0,1.0,0.0,0.9967,,,,,1.0,1011101,1,0,1,1,1,0,1,global_rbf
ptb_xl,f_1011102_s42,QRS_Overall,0.0,1.0,1.0,0.0,0.0,0.0,1.0,1.0,1.0,1.0,1.0,1.0,1.0,1.0,1.0,1.0,1.0,0.4966,0.2254,1.0942,0.0824,0.0,1011102,1,0,1,1,1,0,2,anatomical_laplacian
ptb_xl,f_1011102_s42,LVH_SokolowLyon,0.5992,0.3276,0.1073,-0.5436,-1.5739,0.4867,0.5355,0.2685,0.8042,0.015,0.0017,0.1219,0.0,0.0,1.0,0.0,0.9967,,,,,1.0,1011102,1,0,1,1,1,0,2,anatomical_laplacian
ptb_xl,f_1011103_s42,QRS_Overall,0.0,1.0,1.0,0.0,0.0,0.0,1.0,1.0,1.0,1.0,1.0,1.0,1.0,1.0,1.0,1.0,1.0,0.4966,0.2254,1.0942,0.0824,0.0,1011103,1,0,1,1,1,0,3,anatomical_imq
ptb_xl,f_1011103_s42,LVH_SokolowLyon,0.5982,0.3276,0.1073,-0.5425,-1.573,0.4879,0.5329,0.2662,0.8025,0.0149,0.0017,0.1219,0.0,0.0,1.0,0.0,0.9967,,,,,1.0,1011103,1,0,1,1,1,0,3,anatomical_imq
ptb_xl,f_1011104_s42,QRS_Overall,0.0,1.0,1.0,0.0,0.0,0.0,1.0,1.0,1.0,1.0,1.0,1.0,1.0,1.0,1.0,1.0,1.0,0.4966,0.2254,1.0942,0.0824,0.0,1011104,1,0,1,1,1,0,4,temporal_kmeans_imq
ptb_xl,f_1011104_s42,LVH_SokolowLyon,0.5992,0.3272,0.1071,-0.5437,-1.5745,0.487,0.5324,0.2653,0.802,0.0149,0.0017,0.1219,0.0,0.0,1.0,0.0,0.9967,,,,,1.0,1011104,1,0,1,1,1,0,4,temporal_kmeans_imq
ptb_xl,f_1011110_s42,QRS_Overall,0.0,1.0,1.0,0.0,0.0,0.0,1.0,1.0,1.0,1.0,1.0,1.0,1.0,1.0,1.0,1.0,1.0,0.4966,0.2254,1.0942,0.0824,0.0,1011110,1,0,1,1,1,1,0,none
ptb_xl,f_1011110_s42,LVH_SokolowLyon,0.5409,0.2865,0.0821,-0.4532,-1.5199,0.6134,0.4847,0.2326,0.7425,0.005,0.0014,0.0215,0.0,0.0,1.0,0.0,0.9967,,,,,1.0,1011110,1,0,1,1,1,1,0,none
ptb_xl,f_1011111_s42,QRS_Overall,0.0,1.0,1.0,0.0,0.0,0.0,1.0,1.0,1.0,1.0,1.0,1.0,1.0,1.0,1.0,1.0,1.0,0.4966,0.2254,1.0942,0.0824,0.0,1011111,1,0,1,1,1,1,1,global_rbf
ptb_xl,f_1011111_s42,LVH_SokolowLyon,0.5302,0.2921,0.0853,-0.4293,-1.5034,0.6448,0.4853,0.2423,0.7355,0.0044,0.0015,0.0153,0.0,0.0,1.0,0.0,0.9967,,,,,1.0,1011111,1,0,1,1,1,1,1,global_rbf
ptb_xl,f_1011112_s42,QRS_Overall,0.0,1.0,1.0,0.0,0.0,0.0,1.0,1.0,1.0,1.0,1.0,1.0,1.0,1.0,1.0,1.0,1.0,0.4966,0.2254,1.0942,0.0824,0.0,1011112,1,0,1,1,1,1,2,anatomical_laplacian
ptb_xl,f_1011112_s42,LVH_SokolowLyon,0.5375,0.2837,0.0805,-0.4416,-1.5175,0.6344,0.4806,0.2381,0.7286,0.0042,0.0014,0.0134,0.0,0.0,1.0,0.0,0.9967,,,,,1.0,1011112,1,0,1,1,1,1,2,anatomical_laplacian
ptb_xl,f_1011113_s42,QRS_Overall,0.0,1.0,1.0,0.0,0.0,0.0,1.0,1.0,1.0,1.0,1.0,1.0,1.0,1.0,1.0,1.0,1.0,0.4966,0.2254,1.0942,0.0824,0.0,1011113,1,0,1,1,1,1,3,anatomical_imq
ptb_xl,f_1011113_s42,LVH_SokolowLyon,0.5406,0.2867,0.0822,-0.4528,-1.5193,0.6136,0.4845,0.2323,0.7429,0.005,0.0014,0.0215,0.0,0.0,1.0,0.0,0.9967,,,,,1.0,1011113,1,0,1,1,1,1,3,anatomical_imq
ptb_xl,f_1011114_s42,QRS_Overall,0.0,1.0,1.0,0.0,0.0,0.0,1.0,1.0,1.0,1.0,1.0,1.0,1.0,1.0,1.0,1.0,1.0,0.4966,0.2254,1.0942,0.0824,0.0,1011114,1,0,1,1,1,1,4,temporal_kmeans_imq
ptb_xl,f_1011114_s42,LVH_SokolowLyon,0.5407,0.2868,0.0822,-0.4531,-1.5196,0.6134,0.4839,0.232,0.7421,0.005,0.0014,0.0215,0.0,0.0,1.0,0.0,0.9967,,,,,1.0,1011114,1,0,1,1,1,1,4,temporal_kmeans_imq
ptb_xl,f_1100000_s42,QRS_Overall,0.0,1.0,1.0,0.0,0.0,0.0,1.0,1.0,1.0,1.0,1.0,1.0,1.0,1.0,1.0,1.0,1.0,0.4966,0.2254,1.0942,0.0824,0.0,1100000,1,1,0,0,0,0,0,none
ptb_xl,f_1100000_s42,LVH_SokolowLyon,0.4095,0.4549,0.2069,0.1707,-0.8096,1.1509,0.5579,0.4106,0.735,0.0177,0.0017,0.1296,0.0,0.0,1.0,0.0,0.9967,,,,,1.0,1100000,1,1,0,0,0,0,0,none
ptb_xl,f_1100001_s42,QRS_Overall,0.0,1.0,1.0,0.0,0.0,0.0,1.0,1.0,1.0,1.0,1.0,1.0,1.0,1.0,1.0,1.0,1.0,0.4966,0.2254,1.0942,0.0824,0.0,1100001,1,1,0,0,0,0,1,global_rbf
ptb_xl,f_1100001_s42,LVH_SokolowLyon,0.4053,0.4046,0.1637,0.0722,-0.9627,1.1072,0.5288,0.3382,0.7283,0.0074,0.0015,0.041,0.0,0.0,1.0,0.0,0.9967,,,,,1.0,1100001,1,1,0,0,0,0,1,global_rbf
ptb_xl,f_1100002_s42,QRS_Overall,0.0,1.0,1.0,0.0,0.0,0.0,1.0,1.0,1.0,1.0,1.0,1.0,1.0,1.0,1.0,1.0,1.0,0.4966,0.2254,1.0942,0.0824,0.0,1100002,1,1,0,0,0,0,2,anatomical_laplacian
ptb_xl,f_1100002_s42,LVH_SokolowLyon,0.4717,0.3685,0.1358,0.2174,-0.8815,1.3164,0.5263,0.3247,0.7428,0.0081,0.0016,0.0436,0.0,0.0,1.0,0.0,0.9967,,,,,1.0,1100002,1,1,0,0,0,0,2,anatomical_laplacian
ptb_xl,f_1100003_s42,QRS_Overall,0.0,1.0,1.0,0.0,0.0,0.0,1.0,1.0,1.0,1.0,1.0,1.0,1.0,1.0,1.0,1.0,1.0,0.4966,0.2254,1.0942,0.0824,0.0,1100003,1,1,0,0,0,0,3,anatomical_imq
ptb_xl,f_1100003_s42,LVH_SokolowLyon,0.4003,0.4294,0.1844,0.1202,-0.8789,1.1194,0.5495,0.4294,0.7192,0.0153,0.0017,0.1072,0.0,0.0,1.0,0.0,0.9967,,,,,1.0,1100003,1,1,0,0,0,0,3,anatomical_imq
ptb_xl,f_1100004_s42,QRS_Overall,0.0,1.0,1.0,0.0,0.0,0.0,1.0,1.0,1.0,1.0,1.0,1.0,1.0,1.0,1.0,1.0,1.0,0.4966,0.2254,1.0942,0.0824,0.0,1100004,1,1,0,0,0,0,4,temporal_kmeans_imq
ptb_xl,f_1100004_s42,LVH_SokolowLyon,0.4174,0.4391,0.1928,0.1674,-0.8336,1.1684,0.5939,0.4451,0.7611,0.0275,0.0018,0.1847,0.0,0.0,1.0,0.0,0.9967,,,,,1.0,1100004,1,1,0,0,0,0,4,temporal_kmeans_imq
ptb_xl,f_1100010_s42,QRS_Overall,0.0,1.0,1.0,0.0,0.0,0.0,1.0,1.0,1.0,1.0,1.0,1.0,1.0,1.0,1.0,1.0,1.0,0.4966,0.2254,1.0942,0.0824,0.0,1100010,1,1,0,0,0,1,0,none
ptb_xl,f_1100010_s42,LVH_SokolowLyon,0.5416,0.236,0.0557,0.2665,-0.9874,1.5205,0.4469,0.1865,0.7135,0.0065,0.0014,0.0332,0.0,0.0,1.0,0.0,0.9967,,,,,1.0,1100010,1,1,0,0,0,1,0,none
ptb_xl,f_1100011_s42,QRS_Overall,0.0,1.0,1.0,0.0,0.0,0.0,1.0,1.0,1.0,1.0,1.0,1.0,1.0,1.0,1.0,1.0,1.0,0.4966,0.2254,1.0942,0.0824,0.0,1100011,1,1,0,0,0,1,1,global_rbf
ptb_xl,f_1100011_s42,LVH_SokolowLyon,0.5075,0.276,0.0762,0.2148,-1.0059,1.4355,0.3919,0.1528,0.6633,0.0066,0.0012,0.0365,0.0,0.0,1.0,0.0,0.9967,,,,,1.0,1100011,1,1,0,0,0,1,1,global_rbf
ptb_xl,f_1100012_s42,QRS_Overall,0.0,1.0,1.0,0.0,0.0,0.0,1.0,1.0,1.0,1.0,1.0,1.0,1.0,1.0,1.0,1.0,1.0,0.4966,0.2254,1.0942,0.0824,0.0,1100012,1,1,0,0,0,1,2,anatomical_laplacian
ptb_xl,f_1100012_s42,LVH_SokolowLyon,0.5337,0.2719,0.074,0.2831,-0.9418,1.508,0.4289,0.18,0.7062,0.0112,0.0013,0.0739,0.0,0.0,1.0,0.0,0.9967,,,,,1.0,1100012,1,1,0,0,0,1,2,anatomical_laplacian
ptb_xl,f_1100013_s42,QRS_Overall,0.0,1.0,1.0,0.0,0.0,0.0,1.0,1.0,1.0,1.0,1.0,1.0,1.0,1.0,1.0,1.0,1.0,0.4966,0.2254,1.0942,0.0824,0.0,1100013,1,1,0,0,0,1,3,anatomical_imq
ptb_xl,f_1100013_s42,LVH_SokolowLyon,0.5807,0.236,0.0557,0.3297,-0.9574,1.6168,0.4419,0.1866,0.7058,0.0073,0.0014,0.0398,0.0,0.0,1.0,0.0,0.9967,,,,,1.0,1100013,1,1,0,0,0,1,3,anatomical_imq
ptb_xl,f_1100014_s42,QRS_Overall,0.0,1.0,1.0,0.0,0.0,0.0,1.0,1.0,1.0,1.0,1.0,1.0,1.0,1.0,1.0,1.0,1.0,0.4966,0.2254,1.0942,0.0824,0.0,1100014,1,1,0,0,0,1,4,temporal_kmeans_imq
ptb_xl,f_1100014_s42,LVH_SokolowLyon,0.6096,0.2565,0.0658,0.3793,-0.9287,1.6873,0.4435,0.18,0.7197,0.0093,0.0014,0.057,0.0,0.0,1.0,0.0,0.9967,,,,,1.0,1100014,1,1,0,0,0,1,4,temporal_kmeans_imq
ptb_xl,f_1100100_s42,QRS_Overall,0.0,1.0,1.0,0.0,0.0,0.0,1.0,1.0,1.0,1.0,1.0,1.0,1.0,1.0,1.0,1.0,1.0,0.4966,0.2254,1.0942,0.0824,0.0,1100100,1,1,0,0,1,0,0,none
ptb_xl,f_1100100_s42,LVH_SokolowLyon,0.465,0.3572,0.1276,-0.3088,-1.3573,0.7397,0.5265,0.2927,0.7714,0.0048,0.0017,0.016,0.0,0.0,1.0,0.0,0.9967,,,,,1.0,1100100,1,1,0,0,1,0,0,none
ptb_xl,f_1100101_s42,QRS_Overall,0.0,1.0,1.0,0.0,0.0,0.0,1.0,1.0,1.0,1.0,1.0,1.0,1.0,1.0,1.0,1.0,1.0,0.4966,0.2254,1.0942,0.0824,0.0,1100101,1,1,0,0,1,0,1,global_rbf
ptb_xl,f_1100101_s42,LVH_SokolowLyon,0.4686,0.3691,0.1362,-0.3141,-1.3587,0.7305,0.5726,0.3507,0.7934,0.0056,0.0019,0.0181,0.0,0.0,1.0,0.0,0.9967,,,,,1.0,1100101,1,1,0,0,1,0,1,global_rbf
ptb_xl,f_1100102_s42,QRS_Overall,0.0,1.0,1.0,0.0,0.0,0.0,1.0,1.0,1.0,1.0,1.0,1.0,1.0,1.0,1.0,1.0,1.0,0.4966,0.2254,1.0942,0.0824,0.0,1100102,1,1,0,0,1,0,2,anatomical_laplacian
ptb_xl,f_1100102_s42,LVH_SokolowLyon,0.4639,0.3575,0.1278,-0.3074,-1.3551,0.7402,0.5282,0.2941,0.7731,0.0049,0.0017,0.016,0.0,0.0,1.0,0.0,0.9967,,,,,1.0,1100102,1,1,0,0,1,0,2,anatomical_laplacian
ptb_xl,f_1100103_s42,QRS_Overall,0.0,1.0,1.0,0.0,0.0,0.0,1.0,1.0,1.0,1.0,1.0,1.0,1.0,1.0,1.0,1.0,1.0,0.4966,0.2254,1.0942,0.0824,0.0,1100103,1,1,0,0,1,0,3,anatomical_imq
ptb_xl,f_1100103_s42,LVH_SokolowLyon,0.4646,0.3571,0.1275,-0.3082,-1.3566,0.7402,0.5263,0.2916,0.7712,0.0048,0.0017,0.016,0.0,0.0,1.0,0.0,0.9967,,,,,1.0,1100103,1,1,0,0,1,0,3,anatomical_imq
ptb_xl,f_1100104_s42,QRS_Overall,0.0,1.0,1.0,0.0,0.0,0.0,1.0,1.0,1.0,1.0,1.0,1.0,1.0,1.0,1.0,1.0,1.0,0.4966,0.2254,1.0942,0.0824,0.0,1100104,1,1,0,0,1,0,4,temporal_kmeans_imq
ptb_xl,f_1100104_s42,LVH_SokolowLyon,0.4658,0.3576,0.1279,-0.3108,-1.3588,0.7373,0.5275,0.2928,0.7724,0.0049,0.0017,0.0162,0.0,0.0,1.0,0.0,0.9967,,,,,1.0,1100104,1,1,0,0,1,0,4,temporal_kmeans_imq
ptb_xl,f_1100110_s42,QRS_Overall,0.0,1.0,1.0,0.0,0.0,0.0,1.0,1.0,1.0,1.0,1.0,1.0,1.0,1.0,1.0,1.0,1.0,0.4966,0.2254,1.0942,0.0824,0.0,1100110,1,1,0,0,1,1,0,none
ptb_xl,f_1100110_s42,LVH_SokolowLyon,0.4619,0.3096,0.0959,-0.2977,-1.3568,0.7614,0.5541,0.3436,0.7559,0.0045,0.0019,0.0108,0.0,0.0,1.0,0.0,0.9967,,,,,1.0,1100110,1,1,0,0,1,1,0,none
ptb_xl,f_1100111_s42,QRS_Overall,0.0,1.0,1.0,0.0,0.0,0.0,1.0,1.0,1.0,1.0,1.0,1.0,1.0,1.0,1.0,1.0,1.0,0.4966,0.2254,1.0942,0.0824,0.0,1100111,1,1,0,0,1,1,1,global_rbf
ptb_xl,f_1100111_s42,LVH_SokolowLyon,0.4702,0.3167,0.1003,-0.3117,-1.3693,0.7459,0.5944,0.3916,0.7953,0.0052,0.002,0.0133,0.0,0.0,1.0,0.0,0.9967,,,,,1.0,1100111,1,1,0,0,1,1,1,global_rbf
ptb_xl,f_1100112_s42,QRS_Overall,0.0,1.0,1.0,0.0,0.0,0.0,1.0,1.0,1.0,1.0,1.0,1.0,1.0,1.0,1.0,1.0,1.0,0.4966,0.2254,1.0942,0.0824,0.0,1100112,1,1,0,0,1,1,2,anatomical_laplacian
ptb_xl,f_1100112_s42,LVH_SokolowLyon,0.4643,0.3099,0.096,-0.304,-1.3613,0.7533,0.5577,0.3488,0.7602,0.0045,0.0019,0.0109,0.0,0.0,1.0,0.0,0.9967,,,,,1.0,1100112,1,1,0,0,1,1,2,anatomical_laplacian
ptb_xl,f_1100113_s42,QRS_Overall,0.0,1.0,1.0,0.0,0.0,0.0,1.0,1.0,1.0,1.0,1.0,1.0,1.0,1.0,1.0,1.0,1.0,0.4966,0.2254,1.0942,0.0824,0.0,1100113,1,1,0,0,1,1,3,anatomical_imq
ptb_xl,f_1100113_s42,LVH_SokolowLyon,0.4612,0.3093,0.0957,-0.2956,-1.3554,0.7642,0.5515,0.3402,0.7525,0.0045,0.0019,0.0108,0.0,0.0,1.0,0.0,0.9967,,,,,1.0,1100113,1,1,0,0,1,1,3,anatomical_imq
ptb_xl,f_1100114_s42,QRS_Overall,0.0,1.0,1.0,0.0,0.0,0.0,1.0,1.0,1.0,1.0,1.0,1.0,1.0,1.0,1.0,1.0,1.0,0.4966,0.2254,1.0942,0.0824,0.0,1100114,1,1,0,0,1,1,4,temporal_kmeans_imq
ptb_xl,f_1100114_s42,LVH_SokolowLyon,0.4634,0.3098,0.096,-0.3012,-1.36,0.7576,0.5544,0.3434,0.7559,0.0045,0.0019,0.011,0.0,0.0,1.0,0.0,0.9967,,,,,1.0,1100114,1,1,0,0,1,1,4,temporal_kmeans_imq
ptb_xl,f_1101000_s42,QRS_Overall,0.0,1.0,1.0,0.0,0.0,0.0,1.0,1.0,1.0,1.0,1.0,1.0,1.0,1.0,1.0,1.0,1.0,0.4966,0.2254,1.0942,0.0824,0.0,1101000,1,1,0,1,0,0,0,none
ptb_xl,f_1101000_s42,LVH_SokolowLyon,0.3762,0.4393,0.193,-0.0934,-1.0853,0.8985,0.6784,0.437,0.8868,0.0227,0.0023,0.1351,0.0,0.0,1.0,0.0,0.9967,,,,,1.0,1101000,1,1,0,1,0,0,0,none
ptb_xl,f_1101001_s42,QRS_Overall,0.0,1.0,1.0,0.0,0.0,0.0,1.0,1.0,1.0,1.0,1.0,1.0,1.0,1.0,1.0,1.0,1.0,0.4966,0.2254,1.0942,0.0824,0.0,1101001,1,1,0,1,0,0,1,global_rbf
ptb_xl,f_1101001_s42,LVH_SokolowLyon,0.3934,0.4376,0.1915,0.0099,-1.009,1.0289,0.6835,0.5069,0.8622,0.0163,0.0022,0.0704,0.0,0.0,1.0,0.0,0.9967,,,,,1.0,1101001,1,1,0,1,0,0,1,global_rbf
ptb_xl,f_1101002_s42,QRS_Overall,0.0,1.0,1.0,0.0,0.0,0.0,1.0,1.0,1.0,1.0,1.0,1.0,1.0,1.0,1.0,1.0,1.0,0.4966,0.2254,1.0942,0.0824,0.0,1101002,1,1,0,1,0,0,2,anatomical_laplacian
ptb_xl,f_1101002_s42,LVH_SokolowLyon,0.3719,0.4519,0.2042,-0.1295,-1.0948,0.8358,0.7593,0.5681,0.9206,0.0222,0.0034,0.0916,0.0,0.0,1.0,0.0,0.9967,,,,,1.0,1101002,1,1,0,1,0,0,2,anatomical_laplacian
ptb_xl,f_1101003_s42,QRS_Overall,0.0,1.0,1.0,0.0,0.0,0.0,1.0,1.0,1.0,1.0,1.0,1.0,1.0,1.0,1.0,1.0,1.0,0.4966,0.2254,1.0942,0.0824,0.0,1101003,1,1,0,1,0,0,3,anatomical_imq
ptb_xl,f_1101003_s42,LVH_SokolowLyon,0.3799,0.4292,0.1842,-0.0872,-1.0887,0.9143,0.6648,0.4207,0.879,0.0215,0.0022,0.1271,0.0,0.0,1.0,0.0,0.9967,,,,,1.0,1101003,1,1,0,1,0,0,3,anatomical_imq
ptb_xl,f_1101004_s42,QRS_Overall,0.0,1.0,1.0,0.0,0.0,0.0,1.0,1.0,1.0,1.0,1.0,1.0,1.0,1.0,1.0,1.0,1.0,0.4966,0.2254,1.0942,0.0824,0.0,1101004,1,1,0,1,0,0,4,temporal_kmeans_imq
ptb_xl,f_1101004_s42,LVH_SokolowLyon,0.3811,0.4268,0.1822,-0.0461,-1.0559,0.9637,0.6474,0.4032,0.8636,0.0175,0.0021,0.0924,0.0,0.0,1.0,0.0,0.9967,,,,,1.0,1101004,1,1,0,1,0,0,4,temporal_kmeans_imq
ptb_xl,f_1101010_s42,QRS_Overall,0.0,1.0,1.0,0.0,0.0,0.0,1.0,1.0,1.0,1.0,1.0,1.0,1.0,1.0,1.0,1.0,1.0,0.4966,0.2254,1.0942,0.0824,0.0,1101010,1,1,0,1,0,1,0,none
ptb_xl,f_1101010_s42,LVH_SokolowLyon,0.4464,0.2925,0.0855,-0.0931,-1.2485,1.0623,0.5196,0.3187,0.731,0.0151,0.0016,0.1076,0.0,0.0,1.0,0.0,0.9967,,,,,1.0,1101010,1,1,0,1,0,1,0,none
ptb_xl,f_1101011_s42,QRS_Overall,0.0,1.0,1.0,0.0,0.0,0.0,1.0,1.0,1.0,1.0,1.0,1.0,1.0,1.0,1.0,1.0,1.0,0.4966,0.2254,1.0942,0.0824,0.0,1101011,1,1,0,1,0,1,1,global_rbf
ptb_xl,f_1101011_s42,LVH_SokolowLyon,0.468,0.338,0.1142,0.0966,-1.1034,1.2965,0.5933,0.393,0.8126,0.0111,0.002,0.0604,0.0,0.0,1.0,0.0,0.9967,,,,,1.0,1101011,1,1,0,1,0,1,1,global_rbf
ptb_xl,f_1101012_s42,QRS_Overall,0.0,1.0,1.0,0.0,0.0,0.0,1.0,1.0,1.0,1.0,1.0,1.0,1.0,1.0,1.0,1.0,1.0,0.4966,0.2254,1.0942,0.0824,0.0,1101012,1,1,0,1,0,1,2,anatomical_laplacian
ptb_xl,f_1101012_s42,LVH_SokolowLyon,0.4516,0.3062,0.0938,-0.0214,-1.2005,1.1576,0.5574,0.3503,0.7848,0.0087,0.0017,0.0443,0.0,0.0,1.0,0.0,0.9967,,,,,1.0,1101012,1,1,0,1,0,1,2,anatomical_laplacian
ptb_xl,f_1101013_s42,QRS_Overall,0.0,1.0,1.0,0.0,0.0,0.0,1.0,1.0,1.0,1.0,1.0,1.0,1.0,1.0,1.0,1.0,1.0,0.4966,0.2254,1.0942,0.0824,0.0,1101013,1,1,0,1,0,1,3,anatomical_imq
ptb_xl,f_1101013_s42,LVH_SokolowLyon,0.4588,0.2798,0.0783,-0.0583,-1.251,1.1345,0.5201,0.3027,0.7358,0.0112,0.0016,0.072,0.0,0.0,1.0,0.0,0.9967,,,,,1.0,1101013,1,1,0,1,0,1,3,anatomical_imq
ptb_xl,f_1101014_s42,QRS_Overall,0.0,1.0,1.0,0.0,0.0,0.0,1.0,1.0,1.0,1.0,1.0,1.0,1.0,1.0,1.0,1.0,1.0,0.4966,0.2254,1.0942,0.0824,0.0,1101014,1,1,0,1,0,1,4,temporal_kmeans_imq
ptb_xl,f_1101014_s42,LVH_SokolowLyon,0.4673,0.2755,0.0759,-0.0237,-1.235,1.1876,0.5203,0.3096,0.7338,0.0162,0.0016,0.1192,0.0,0.0,1.0,0.0,0.9967,,,,,1.0,1101014,1,1,0,1,0,1,4,temporal_kmeans_imq
ptb_xl,f_1101100_s42,QRS_Overall,0.0,1.0,1.0,0.0,0.0,0.0,1.0,1.0,1.0,1.0,1.0,1.0,1.0,1.0,1.0,1.0,1.0,0.4966,0.2254,1.0942,0.0824,0.0,1101100,1,1,0,1,1,0,0,none
ptb_xl,f_1101100_s42,LVH_SokolowLyon,0.4199,0.2998,0.0899,-0.1824,-1.2589,0.894,0.4857,0.3424,0.6404,0.0035,0.0016,0.0075,0.0,0.0,1.0,0.0,0.9967,,,,,1.0,1101100,1,1,0,1,1,0,0,none
ptb_xl,f_1101101_s42,QRS_Overall,0.0,1.0,1.0,0.0,0.0,0.0,1.0,1.0,1.0,1.0,1.0,1.0,1.0,1.0,1.0,1.0,1.0,0.4966,0.2254,1.0942,0.0824,0.0,1101101,1,1,0,1,1,0,1,global_rbf
ptb_xl,f_1101101_s42,LVH_SokolowLyon,0.4305,0.3039,0.0923,-0.207,-1.2842,0.8703,0.4993,0.3636,0.6429,0.0035,0.0016,0.0075,0.0,0.0,1.0,0.0,0.9967,,,,,1.0,1101101,1,1,0,1,1,0,1,global_rbf
