family,metric,effect,effect_type,protocol,bootstrap_unit,endpoint_representation,estimate,ci_low,ci_high,n,n_patients,n_resamples,method,acceleration,bias_correction
unet,mse,mse,main,supplemental_2x2x2x2_including_mse_toggle,paired_ptbxl_patient_cluster,record_metric,-0.08434159348787702,-0.0852521766677742,-0.08363439072838993,2198,1904,2000,paired_patient_cluster_BCa,-0.027872985690576585,-0.0401168101849681
unet,mse,correlation,main,supplemental_2x2x2x2_including_mse_toggle,paired_ptbxl_patient_cluster,record_metric,-0.04125786580739379,-0.04203029721774918,-0.040546161962292715,2198,1904,2000,paired_patient_cluster_BCa,-0.008316813302785985,-0.02883021851774051
unet,mse,mmd,main,supplemental_2x2x2x2_including_mse_toggle,paired_ptbxl_patient_cluster,record_metric,-0.07130422157023614,-0.07155625752905348,-0.07107138468402341,2198,1904,2000,paired_patient_cluster_BCa,-0.006716230278382124,-0.0025066308995717666
unet,mse,derivative,main,supplemental_2x2x2x2_including_mse_toggle,paired_ptbxl_patient_cluster,record_metric,-0.02811710613068176,-0.028329114239485073,-0.027927565841235583,2198,1904,2000,paired_patient_cluster_BCa,-0.008125781500719098,-0.006266611701750474
unet,mse,mse:correlation,pairwise,supplemental_2x2x2x2_including_mse_toggle,paired_ptbxl_patient_cluster,record_metric,0.08254032484644754,0.08112456341453793,0.08427615195348363,2198,1904,2000,paired_patient_cluster_BCa,0.01153938363801017,0.05015358346473367
unet,mse,mse:mmd,pairwise,supplemental_2x2x2x2_including_mse_toggle,paired_ptbxl_patient_cluster,record_metric,0.1424776024225877,0.14201707796051474,0.14296987608917539,2198,1904,2000,paired_patient_cluster_BCa,0.005230028806799005,0.003759951271145795
unet,mse,mse:derivative,pairwise,supplemental_2x2x2x2_including_mse_toggle,paired_ptbxl_patient_cluster,record_metric,0.0562928846093672,0.055903878153837974,0.056700965906711726,2198,1904,2000,paired_patient_cluster_BCa,0.007531938329769933,-0.0012533144654325557
unet,mse,correlation:mmd,pairwise,supplemental_2x2x2x2_including_mse_toggle,paired_ptbxl_patient_cluster,record_metric,0.07463025652192115,0.07357087891613201,0.0758503185512459,2198,1904,2000,paired_patient_cluster_BCa,0.009041080570021528,0.026322636310952642
unet,mse,correlation:derivative,pairwise,supplemental_2x2x2x2_including_mse_toggle,paired_ptbxl_patient_cluster,record_metric,0.055998339172339026,0.055589535048446256,0.05643233621453567,2198,1904,2000,paired_patient_cluster_BCa,0.007788576207221654,-0.005013277548926657
unet,mse,mmd:derivative,pairwise,supplemental_2x2x2x2_including_mse_toggle,paired_ptbxl_patient_cluster,record_metric,0.05756552713679574,0.05715957413296264,0.058057270975200574,2198,1904,2000,paired_patient_cluster_BCa,0.010616347585399142,0.03510000177270885
unet,mse,mse:correlation:mmd,three_way,supplemental_2x2x2x2_including_mse_toggle,paired_ptbxl_patient_cluster,record_metric,-0.14934827671642117,-0.15186324574760363,-0.14723522866461486,2198,1904,2000,paired_patient_cluster_BCa,-0.00927950520333211,-0.03510000177270885
unet,mse,mse:correlation:derivative,three_way,supplemental_2x2x2x2_including_mse_toggle,paired_ptbxl_patient_cluster,record_metric,-0.11240462646337147,-0.1132882055073447,-0.11156820153184653,2198,1904,2000,paired_patient_cluster_BCa,-0.007179047082131292,0.006266611701750335
unet,mse,mse:mmd:derivative,three_way,supplemental_2x2x2x2_including_mse_toggle,paired_ptbxl_patient_cluster,record_metric,-0.11514332659414493,-0.11613693041169314,-0.11429991701922457,2198,1904,2000,paired_patient_cluster_BCa,-0.010205532945455757,-0.02256156839022472
unet,mse,correlation:mmd:derivative,three_way,supplemental_2x2x2x2_including_mse_toggle,paired_ptbxl_patient_cluster,record_metric,-0.11487277446391914,-0.11586608777014533,-0.11395157253801154,2198,1904,2000,paired_patient_cluster_BCa,-0.010396307668519206,-0.006266611701750474
unet,mse,mse:correlation:mmd:derivative,four_way,supplemental_2x2x2x2_including_mse_toggle,paired_ptbxl_patient_cluster,record_metric,0.2300597268263801,0.22823915455603905,0.23200424090182498,2198,1904,2000,paired_patient_cluster_BCa,0.009882772879462971,0.007519955698540524
unet,r2,mse,main,supplemental_2x2x2x2_including_mse_toggle,paired_ptbxl_patient_cluster,record_metric,5.629177096953963,5.4595765686028,5.794581416220266,2198,1904,2000,paired_patient_cluster_BCa,0.011028654547015182,-0.045134628481421316
unet,r2,correlation,main,supplemental_2x2x2x2_including_mse_toggle,paired_ptbxl_patient_cluster,record_metric,2.6552297862517764,2.5886294293835235,2.727616720598603,2198,1904,2000,paired_patient_cluster_BCa,0.012331136513685502,0.012533469508069276
unet,r2,mmd,main,supplemental_2x2x2x2_including_mse_toggle,paired_ptbxl_patient_cluster,record_metric,4.924631732007268,4.779814737670271,5.0642620518345325,2198,1904,2000,paired_patient_cluster_BCa,0.010078838422408193,-0.04262558517694437
unet,r2,derivative,main,supplemental_2x2x2x2_including_mse_toggle,paired_ptbxl_patient_cluster,record_metric,1.8597377081008437,1.8066407511106692,1.9122904655720423,2198,1904,2000,paired_patient_cluster_BCa,0.00989818806404491,-0.04889873121265653
unet,r2,mse:correlation,pairwise,supplemental_2x2x2x2_including_mse_toggle,paired_ptbxl_patient_cluster,record_metric,-5.366763146332787,-5.515480562349744,-5.228163081348346,2198,1904,2000,paired_patient_cluster_BCa,-0.012114687244222367,-0.0037599512711459344
unet,r2,mse:mmd,pairwise,supplemental_2x2x2x2_including_mse_toggle,paired_ptbxl_patient_cluster,record_metric,-9.866272143366432,-10.146637526213086,-9.575604418908565,2198,1904,2000,paired_patient_cluster_BCa,-0.010098042774486126,0.043880072299401045
unet,r2,mse:derivative,pairwise,supplemental_2x2x2x2_including_mse_toggle,paired_ptbxl_patient_cluster,record_metric,-3.7202979471977664,-3.824972334854811,-3.6140486606778124,2198,1904,2000,paired_patient_cluster_BCa,-0.009872644170389855,0.05391862204527385
unet,r2,correlation:mmd,pairwise,supplemental_2x2x2x2_including_mse_toggle,paired_ptbxl_patient_cluster,record_metric,-5.072727581133524,-5.214652697313854,-4.931808642069533,2198,1904,2000,paired_patient_cluster_BCa,-0.010764065433758638,0.03635411612673946
unet,r2,correlation:derivative,pairwise,supplemental_2x2x2x2_including_mse_toggle,paired_ptbxl_patient_cluster,record_metric,-3.7179010409350712,-3.824320052710109,-3.6134120188976855,2198,1904,2000,paired_patient_cluster_BCa,-0.010038167706247741,0.03510000177270885
unet,r2,mmd:derivative,pairwise,supplemental_2x2x2x2_including_mse_toggle,paired_ptbxl_patient_cluster,record_metric,-3.752812527583649,-3.858915900266432,-3.6460769489522145,2198,1904,2000,paired_patient_cluster_BCa,-0.009721179418393656,0.04889873121265639
unet,r2,mse:correlation:mmd,three_way,supplemental_2x2x2x2_including_mse_toggle,paired_ptbxl_patient_cluster,record_metric,10.141071451649793,9.860530258039972,10.423787403798677,2198,1904,2000,paired_patient_cluster_BCa,0.010764019495001302,-0.03384594262165133
unet,r2,mse:correlation:derivative,three_way,supplemental_2x2x2x2_including_mse_toggle,paired_ptbxl_patient_cluster,record_metric,7.453183381324034,7.242772328841421,7.666687187156354,2198,1904,2000,paired_patient_cluster_BCa,0.010068893500446163,-0.038862518354400494
unet,r2,mse:mmd:derivative,three_way,supplemental_2x2x2x2_including_mse_toggle,paired_ptbxl_patient_cluster,record_metric,7.490656428095175,7.277133499877792,7.702912441315139,2198,1904,2000,paired_patient_cluster_BCa,0.009694864204468412,-0.04889873121265653
unet,r2,correlation:mmd:derivative,three_way,supplemental_2x2x2x2_including_mse_toggle,paired_ptbxl_patient_cluster,record_metric,7.509797440367385,7.30101682549023,7.7236073511979555,2198,1904,2000,paired_patient_cluster_BCa,0.009997254257387279,-0.037608287661255936
unet,r2,mse:correlation:mmd:derivative,four_way,supplemental_2x2x2x2_including_mse_toggle,paired_ptbxl_patient_cluster,record_metric,-15.037325035103823,-15.464860337977395,-14.619196087812767,2198,1904,2000,paired_patient_cluster_BCa,-0.010043095305409614,0.038862518354400355
unet,pearson,mse,main,supplemental_2x2x2x2_including_mse_toggle,paired_ptbxl_patient_cluster,record_metric,0.24593421770574556,0.24476587511084794,0.24732708006149615,2198,1904,2000,paired_patient_cluster_BCa,0.0012384315731739624,0.045134628481421316
unet,pearson,correlation,main,supplemental_2x2x2x2_including_mse_toggle,paired_ptbxl_patient_cluster,record_metric,0.2854332861910151,0.2838104472795101,0.2870724815665995,2198,1904,2000,paired_patient_cluster_BCa,0.0039197527032907185,-0.04137116513242771
unet,pearson,mmd,main,supplemental_2x2x2x2_including_mse_toggle,paired_ptbxl_patient_cluster,record_metric,0.13207826597144479,0.13106895048164013,0.13318482803583057,2198,1904,2000,paired_patient_cluster_BCa,-0.004814745112668569,0.028830218517740373
unet,pearson,derivative,main,supplemental_2x2x2x2_including_mse_toggle,paired_ptbxl_patient_cluster,record_metric,0.0324044613101684,0.03181192211381954,0.03298602902531867,2198,1904,2000,paired_patient_cluster_BCa,-0.0014396747219601852,-0.015040336678635672
unet,pearson,mse:correlation,pairwise,supplemental_2x2x2x2_including_mse_toggle,paired_ptbxl_patient_cluster,record_metric,-0.4927255171875946,-0.4954719640879609,-0.49052173187116865,2198,1904,2000,paired_patient_cluster_BCa,-0.003933150936398235,-0.04764395595447656
unet,pearson,mse:mmd,pairwise,supplemental_2x2x2x2_including_mse_toggle,paired_ptbxl_patient_cluster,record_metric,-0.2645137543209808,-0.26678723561575746,-0.2624630843850558,2198,1904,2000,paired_patient_cluster_BCa,0.0048993707167644274,-0.0401168101849681
unet,pearson,mse:derivative,pairwise,supplemental_2x2x2x2_including_mse_toggle,paired_ptbxl_patient_cluster,record_metric,-0.0667698891428634,-0.06791469722741096,-0.0655692041999593,2198,1904,2000,paired_patient_cluster_BCa,0.0012538042095938465,0.005013277548926657
unet,pearson,correlation:mmd,pairwise,supplemental_2x2x2x2_including_mse_toggle,paired_ptbxl_patient_cluster,record_metric,-0.25796153955367485,-0.2602469044819136,-0.2558860412649252,2198,1904,2000,paired_patient_cluster_BCa,0.004794313770333885,-0.02883021851774051
unet,pearson,correlation:derivative,pairwise,supplemental_2x2x2x2_including_mse_toggle,paired_ptbxl_patient_cluster,record_metric,-0.05791805611826137,-0.05919219376658904,-0.05676838508597403,2198,1904,2000,paired_patient_cluster_BCa,0.0005355724668306291,-0.0363541161267396
unet,pearson,mmd:derivative,pairwise,supplemental_2x2x2x2_including_mse_toggle,paired_ptbxl_patient_cluster,record_metric,-0.08610299350094945,-0.0870052391711455,-0.0851449894036783,2198,1904,2000,paired_patient_cluster_BCa,0.0038505871109515413,-0.007519955698540524
unet,pearson,mse:correlation:mmd,three_way,supplemental_2x2x2x2_including_mse_toggle,paired_ptbxl_patient_cluster,record_metric,0.5182423399831314,0.5140346230841255,0.5229486486757727,2198,1904,2000,paired_patient_cluster_BCa,-0.004846146588078625,0.045134628481421316
unet,pearson,mse:correlation:derivative,three_way,supplemental_2x2x2x2_including_mse_toggle,paired_ptbxl_patient_cluster,record_metric,0.1220892158595962,0.11972101837205773,0.12456152689909944,2198,1904,2000,paired_patient_cluster_BCa,-0.001189160057107216,0.018800819591187533
unet,pearson,mse:mmd:derivative,three_way,supplemental_2x2x2x2_including_mse_toggle,paired_ptbxl_patient_cluster,record_metric,0.17138959894113215,0.16952198984541605,0.17321027972885872,2198,1904,2000,paired_patient_cluster_BCa,-0.004247977810097346,0.0012533144654324165
unet,pearson,correlation:mmd:derivative,three_way,supplemental_2x2x2x2_including_mse_toggle,paired_ptbxl_patient_cluster,record_metric,0.15910078830161622,0.15698844936734951,0.16103535472921457,2198,1904,2000,paired_patient_cluster_BCa,-0.004084106005171093,-0.02883021851774051
unet,pearson,mse:correlation:mmd:derivative,four_way,supplemental_2x2x2x2_including_mse_toggle,paired_ptbxl_patient_cluster,record_metric,-0.3187602738802634,-0.32254912602641644,-0.31467470717427437,2198,1904,2000,paired_patient_cluster_BCa,0.0044356432992860555,0.026322636310952642
unet,qrs_correlation,mse,main,supplemental_2x2x2x2_including_mse_toggle,paired_ptbxl_patient_cluster,record_metric,0.269545940785926,0.26753220358381846,0.271845632637174,2198,1904,2000,paired_patient_cluster_BCa,0.0060980861537581425,0.03635411612673946
unet,qrs_correlation,correlation,main,supplemental_2x2x2x2_including_mse_toggle,paired_ptbxl_patient_cluster,record_metric,0.2002527567941824,0.1982765562951072,0.20259472005123172,2198,1904,2000,paired_patient_cluster_BCa,0.0008241423004424251,0.06647457391662934
unet,qrs_correlation,mmd,main,supplemental_2x2x2x2_including_mse_toggle,paired_ptbxl_patient_cluster,record_metric,0.1609472141105493,0.1597152238636992,0.16218276474903698,2198,1904,2000,paired_patient_cluster_BCa,-0.003953759390065165,-0.006266611701750474
unet,qrs_correlation,derivative,main,supplemental_2x2x2x2_including_mse_toggle,paired_ptbxl_patient_cluster,record_metric,0.037756964805318226,0.03692881958462154,0.038571628731112084,2198,1904,2000,paired_patient_cluster_BCa,-0.003892269487310399,-0.0025066308995717666
unet,qrs_correlation,mse:correlation,pairwise,supplemental_2x2x2x2_including_mse_toggle,paired_ptbxl_patient_cluster,record_metric,-0.3763359621080429,-0.3802774540906203,-0.3727678192571373,2198,1904,2000,paired_patient_cluster_BCa,0.00010188720486367185,-0.060195411728956635
unet,qrs_correlation,mse:mmd,pairwise,supplemental_2x2x2x2_including_mse_toggle,paired_ptbxl_patient_cluster,record_metric,-0.3224260982082977,-0.3249654539299274,-0.3199254751695881,2198,1904,2000,paired_patient_cluster_BCa,0.003888800618838397,-0.011280066443693096
unet,qrs_correlation,mse:derivative,pairwise,supplemental_2x2x2x2_including_mse_toggle,paired_ptbxl_patient_cluster,record_metric,-0.07657434905546448,-0.07814497837344775,-0.07492580924942063,2198,1904,2000,paired_patient_cluster_BCa,0.004314554309969635,0.015040336678635672
unet,qrs_correlation,correlation:mmd,pairwise,supplemental_2x2x2x2_including_mse_toggle,paired_ptbxl_patient_cluster,record_metric,-0.2952323988166199,-0.2978813638429721,-0.29260602543165726,2198,1904,2000,paired_patient_cluster_BCa,0.004436469604306055,-0.015040336678635672
unet,qrs_correlation,correlation:derivative,pairwise,supplemental_2x2x2x2_including_mse_toggle,paired_ptbxl_patient_cluster,record_metric,-0.0718512131850149,-0.07345289518534767,-0.07021686123729132,2198,1904,2000,paired_patient_cluster_BCa,0.002816014896609129,0.016293804724859116
unet,qrs_correlation,mmd:derivative,pairwise,supplemental_2x2x2x2_including_mse_toggle,paired_ptbxl_patient_cluster,record_metric,-0.09118157647293083,-0.09243607118662724,-0.08986767739818789,2198,1904,2000,paired_patient_cluster_BCa,0.002461608641279365,0.006266611701750335
unet,qrs_correlation,mse:correlation:mmd,three_way,supplemental_2x2x2x2_including_mse_toggle,paired_ptbxl_patient_cluster,record_metric,0.592750636242158,0.5874360867783689,0.5984197686406549,2198,1904,2000,paired_patient_cluster_BCa,-0.004733193026702252,0.033845942621651186
unet,qrs_correlation,mse:correlation:derivative,three_way,supplemental_2x2x2x2_including_mse_toggle,paired_ptbxl_patient_cluster,record_metric,0.1463915421117307,0.14298612617863296,0.14974700753524187,2198,1904,2000,paired_patient_cluster_BCa,-0.004345034199342637,-0.010026681100274765
unet,qrs_correlation,mse:mmd:derivative,three_way,supplemental_2x2x2x2_including_mse_toggle,paired_ptbxl_patient_cluster,record_metric,0.18174173129863086,0.1790759364564763,0.1842693914382519,2198,1904,2000,paired_patient_cluster_BCa,-0.0033387727583542213,-0.018800819591187675
unet,qrs_correlation,correlation:mmd:derivative,three_way,supplemental_2x2x2x2_including_mse_toggle,paired_ptbxl_patient_cluster,record_metric,0.17096685252809357,0.16805264627188354,0.1738288817633857,2198,1904,2000,paired_patient_cluster_BCa,-0.002770045253557326,-0.006266611701750474
unet,qrs_correlation,mse:correlation:mmd:derivative,four_way,supplemental_2x2x2x2_including_mse_toggle,paired_ptbxl_patient_cluster,record_metric,-0.34186606979143924,-0.3474993437344165,-0.33629152881990115,2198,1904,2000,paired_patient_cluster_BCa,0.0027362924138911032,0.010026681100274765
unet,st_correlation,mse,main,supplemental_2x2x2x2_including_mse_toggle,paired_ptbxl_patient_cluster,record_metric,0.29944546022452817,0.295478329563553,0.3031418989340367,2198,1904,2000,paired_patient_cluster_BCa,-0.001919701662355218,-0.01378689226308428
unet,st_correlation,correlation,main,supplemental_2x2x2x2_including_mse_toggle,paired_ptbxl_patient_cluster,record_metric,0.16940134400086915,0.16655426315253088,0.17252178318871508,2198,1904,2000,paired_patient_cluster_BCa,0.0009098795744627941,0.02256156839022472
unet,st_correlation,mmd,main,supplemental_2x2x2x2_including_mse_toggle,paired_ptbxl_patient_cluster,record_metric,0.17581478337682244,0.17331672596680825,0.1781993984102475,2198,1904,2000,paired_patient_cluster_BCa,-0.001910703336821181,-0.012533469508069276
unet,st_correlation,derivative,main,supplemental_2x2x2x2_including_mse_toggle,paired_ptbxl_patient_cluster,record_metric,0.0003025385263491472,-0.0005145250571558247,0.001126452007398553,2198,1904,2000,paired_patient_cluster_BCa,0.001557375803993117,-0.0012533144654325557
unet,st_correlation,mse:correlation,pairwise,supplemental_2x2x2x2_including_mse_toggle,paired_ptbxl_patient_cluster,record_metric,-0.30160581942978204,-0.30705839303910354,-0.2968264885956272,2198,1904,2000,paired_patient_cluster_BCa,-0.002106748355432886,-0.043880072299401184
unet,st_correlation,mse:mmd,pairwise,supplemental_2x2x2x2_including_mse_toggle,paired_ptbxl_patient_cluster,record_metric,-0.34871488857899485,-0.35356894967340996,-0.3438503824466211,2198,1904,2000,paired_patient_cluster_BCa,0.0021453149276031754,0.0012533144654324165
unet,st_correlation,mse:derivative,pairwise,supplemental_2x2x2x2_including_mse_toggle,paired_ptbxl_patient_cluster,record_metric,0.00014564625689859252,-0.0014503256326322967,0.0017478421969757947,2198,1904,2000,paired_patient_cluster_BCa,-0.00134433884631711,-0.0037599512711459344
unet,st_correlation,correlation:mmd,pairwise,supplemental_2x2x2x2_including_mse_toggle,paired_ptbxl_patient_cluster,record_metric,-0.19015192978713283,-0.1937555324696959,-0.18663621638165018,2198,1904,2000,paired_patient_cluster_BCa,0.0028023303710795412,-0.007519955698540524
unet,st_correlation,correlation:derivative,pairwise,supplemental_2x2x2x2_including_mse_toggle,paired_ptbxl_patient_cluster,record_metric,0.010971121026761612,0.009200958192538126,0.012830635610205175,2198,1904,2000,paired_patient_cluster_BCa,-0.001789213269047465,0.016293804724859116
unet,st_correlation,mmd:derivative,pairwise,supplemental_2x2x2x2_including_mse_toggle,paired_ptbxl_patient_cluster,record_metric,-0.021743264913766023,-0.023446882159679893,-0.019924369276955036,2198,1904,2000,paired_patient_cluster_BCa,-0.002859490941791984,0.005013277548926657
unet,st_correlation,mse:correlation:mmd,three_way,supplemental_2x2x2x2_including_mse_toggle,paired_ptbxl_patient_cluster,record_metric,0.3758421013786099,0.36901192221471124,0.3830068568215476,2198,1904,2000,paired_patient_cluster_BCa,-0.0029034601105281774,0.02381521960940934
unet,st_correlation,mse:correlation:derivative,three_way,supplemental_2x2x2x2_including_mse_toggle,paired_ptbxl_patient_cluster,record_metric,-0.01988346148127588,-0.023582295053622564,-0.01636474870140154,2198,1904,2000,paired_patient_cluster_BCa,0.0012363679704702538,-0.010026681100274765
unet,st_correlation,mse:mmd:derivative,three_way,supplemental_2x2x2x2_including_mse_toggle,paired_ptbxl_patient_cluster,record_metric,0.042292429543020794,0.038843926888767706,0.04569161185962759,2198,1904,2000,paired_patient_cluster_BCa,0.0029809062807667226,-0.008773311508328191
unet,st_correlation,correlation:mmd:derivative,three_way,supplemental_2x2x2x2_including_mse_toggle,paired_ptbxl_patient_cluster,record_metric,0.015543505003223395,0.011519454388605799,0.01966802052942209,2198,1904,2000,paired_patient_cluster_BCa,0.0028767873306442355,0.005013277548926657
unet,st_correlation,mse:correlation:mmd:derivative,four_way,supplemental_2x2x2x2_including_mse_toggle,paired_ptbxl_patient_cluster,record_metric,-0.027071244717668284,-0.03523440934126002,-0.019247275676841376,2198,1904,2000,paired_patient_cluster_BCa,-0.00276091170202588,-0.008773311508328191
unet,j_point_amplitude_mae,mse,main,supplemental_2x2x2x2_including_mse_toggle,paired_ptbxl_patient_cluster,record_metric,-0.09653427883147095,-0.09755813107637766,-0.09565457179659348,2198,1904,2000,paired_patient_cluster_BCa,-0.02154108709771898,0.010026681100274765
unet,j_point_amplitude_mae,correlation,main,supplemental_2x2x2x2_including_mse_toggle,paired_ptbxl_patient_cluster,record_metric,-0.039872507976043504,-0.04069937589960943,-0.03912080213195672,2198,1904,2000,paired_patient_cluster_BCa,-0.013150035410998486,-0.016293804724859254
unet,j_point_amplitude_mae,mmd,main,supplemental_2x2x2x2_including_mse_toggle,paired_ptbxl_patient_cluster,record_metric,-0.07692308636387307,-0.07748036662883065,-0.07642829617740059,2198,1904,2000,paired_patient_cluster_BCa,-0.0012338010509696873,-0.018800819591187675
unet,j_point_amplitude_mae,derivative,main,supplemental_2x2x2x2_including_mse_toggle,paired_ptbxl_patient_cluster,record_metric,0.004446397772041049,0.003916529629824181,0.004929165823650921,2198,1904,2000,paired_patient_cluster_BCa,-0.009131413260455199,-0.010026681100274765
unet,j_point_amplitude_mae,mse:correlation,pairwise,supplemental_2x2x2x2_including_mse_toggle,paired_ptbxl_patient_cluster,record_metric,0.07981022517048535,0.07843917991882096,0.08130159255812741,2198,1904,2000,paired_patient_cluster_BCa,0.016489811706501222,0.018800819591187533
unet,j_point_amplitude_mae,mse:mmd,pairwise,supplemental_2x2x2x2_including_mse_toggle,paired_ptbxl_patient_cluster,record_metric,0.1524802133027003,0.15151845082687274,0.1535640147889766,2198,1904,2000,paired_patient_cluster_BCa,0.0011112730247922042,0.032591936696663076
unet,j_point_amplitude_mae,mse:derivative,pairwise,supplemental_2x2x2x2_including_mse_toggle,paired_ptbxl_patient_cluster,record_metric,-0.009880158546430698,-0.0108796411464385,-0.00877231671294191,2198,1904,2000,paired_patient_cluster_BCa,0.009832225058068526,0.006266611701750335
unet,j_point_amplitude_mae,correlation:mmd,pairwise,supplemental_2x2x2x2_including_mse_toggle,paired_ptbxl_patient_cluster,record_metric,0.06464106829759002,0.06366136461470093,0.06552517871454923,2198,1904,2000,paired_patient_cluster_BCa,0.0022925130882087276,-0.02883021851774051
unet,j_point_amplitude_mae,correlation:derivative,pairwise,supplemental_2x2x2x2_including_mse_toggle,paired_ptbxl_patient_cluster,record_metric,-0.008176000332256425,-0.009187026361395697,-0.0071264211758552565,2198,1904,2000,paired_patient_cluster_BCa,0.009383805236269145,-0.0025066308995717666
unet,j_point_amplitude_mae,mmd:derivative,pairwise,supplemental_2x2x2x2_including_mse_toggle,paired_ptbxl_patient_cluster,record_metric,-0.001853919579555112,-0.0027601549559148073,-0.0008331462989761856,2198,1904,2000,paired_patient_cluster_BCa,0.010478459019265488,0.011280066443692957
unet,j_point_amplitude_mae,mse:correlation:mmd,three_way,supplemental_2x2x2x2_including_mse_toggle,paired_ptbxl_patient_cluster,record_metric,-0.12634661983913853,-0.128092621632328,-0.12442591311138781,2198,1904,2000,paired_patient_cluster_BCa,-0.0026725253555717377,0.03008407662018911
unet,j_point_amplitude_mae,mse:correlation:derivative,three_way,supplemental_2x2x2x2_including_mse_toggle,paired_ptbxl_patient_cluster,record_metric,0.016724906588063065,0.014657873715350418,0.01873183194883685,2198,1904,2000,paired_patient_cluster_BCa,-0.008182521620324566,0.012533469508069276
unet,j_point_amplitude_mae,mse:mmd:derivative,three_way,supplemental_2x2x2x2_including_mse_toggle,paired_ptbxl_patient_cluster,record_metric,0.004509961697356852,0.0024430329259297005,0.006330875286144886,2198,1904,2000,paired_patient_cluster_BCa,-0.01087575941693102,-0.016293804724859254
unet,j_point_amplitude_mae,correlation:mmd:derivative,three_way,supplemental_2x2x2x2_including_mse_toggle,paired_ptbxl_patient_cluster,record_metric,0.001884842105040342,-0.00011036457562075876,0.0037458878594413404,2198,1904,2000,paired_patient_cluster_BCa,-0.009858070885446008,-0.007519955698540524
unet,j_point_amplitude_mae,mse:correlation:mmd:derivative,four_way,supplemental_2x2x2x2_including_mse_toggle,paired_ptbxl_patient_cluster,record_metric,-0.00499156608692861,-0.008772509464134319,-0.0011728925059996443,2198,1904,2000,paired_patient_cluster_BCa,0.008806299423012086,-0.018800819591187675
unet,ecgfounder_auroc,mse,main,supplemental_2x2x2x2_including_mse_toggle,paired_ptbxl_patient_cluster,macro_auroc_record_influence,0.04565012266457727,0.040033775353871086,0.05154083663275725,2198,1904,2000,paired_patient_cluster_BCa,-0.003452694003965782,0.0025066308995717666
unet,ecgfounder_auroc,correlation,main,supplemental_2x2x2x2_including_mse_toggle,paired_ptbxl_patient_cluster,macro_auroc_record_influence,0.047132072049806045,0.04274103255168021,0.05193965099939826,2198,1904,2000,paired_patient_cluster_BCa,0.002057816755616203,0.04889873121265639
unet,ecgfounder_auroc,mmd,main,supplemental_2x2x2x2_including_mse_toggle,paired_ptbxl_patient_cluster,macro_auroc_record_influence,0.023777990847182236,0.02023032134213162,0.027402883126608154,2198,1904,2000,paired_patient_cluster_BCa,-0.002498184983877183,0.0025066308995717666
unet,ecgfounder_auroc,derivative,main,supplemental_2x2x2x2_including_mse_toggle,paired_ptbxl_patient_cluster,macro_auroc_record_influence,0.003333315538987997,0.0010374875935968769,0.005740193414361513,2198,1904,2000,paired_patient_cluster_BCa,0.00028521092632403564,0.017547298372150792
unet,ecgfounder_auroc,mse:correlation,pairwise,supplemental_2x2x2x2_including_mse_toggle,paired_ptbxl_patient_cluster,macro_auroc_record_influence,-0.08542567431506992,-0.0940976418359063,-0.07717511878067358,2198,1904,2000,paired_patient_cluster_BCa,-0.002154973503483307,-0.008773311508328191
unet,ecgfounder_auroc,mse:mmd,pairwise,supplemental_2x2x2x2_including_mse_toggle,paired_ptbxl_patient_cluster,macro_auroc_record_influence,-0.04667190343671679,-0.05431590365912321,-0.039684601598147747,2198,1904,2000,paired_patient_cluster_BCa,-0.0009719446352753463,-0.020054370352950636
unet,ecgfounder_auroc,mse:derivative,pairwise,supplemental_2x2x2x2_including_mse_toggle,paired_ptbxl_patient_cluster,macro_auroc_record_influence,-0.009588093179971837,-0.014037201873423097,-0.005198116736284633,2198,1904,2000,paired_patient_cluster_BCa,-0.002175120184270516,0.0
unet,ecgfounder_auroc,correlation:mmd,pairwise,supplemental_2x2x2x2_including_mse_toggle,paired_ptbxl_patient_cluster,macro_auroc_record_influence,-0.04742989014143939,-0.055016104102571496,-0.03954383528178408,2198,1904,2000,paired_patient_cluster_BCa,0.014296393945409843,-0.006266611701750474
unet,ecgfounder_auroc,correlation:derivative,pairwise,supplemental_2x2x2x2_including_mse_toggle,paired_ptbxl_patient_cluster,macro_auroc_record_influence,-0.007389200220834947,-0.012509592263111338,-0.002466243837099022,2198,1904,2000,paired_patient_cluster_BCa,0.002997792418018716,-0.006266611701750474
unet,ecgfounder_auroc,mmd:derivative,pairwise,supplemental_2x2x2x2_including_mse_toggle,paired_ptbxl_patient_cluster,macro_auroc_record_influence,-0.015722686712783426,-0.01995394320980261,-0.011296346198199664,2198,1904,2000,paired_patient_cluster_BCa,-0.0032670629885375663,0.0012533144654324165
unet,ecgfounder_auroc,mse:correlation:mmd,three_way,supplemental_2x2x2x2_including_mse_toggle,paired_ptbxl_patient_cluster,macro_auroc_record_influence,0.09466767807545938,0.07913133662997902,0.10965625831081686,2198,1904,2000,paired_patient_cluster_BCa,-0.009677317907993076,0.011280066443692957
unet,ecgfounder_auroc,mse:correlation:derivative,three_way,supplemental_2x2x2x2_including_mse_toggle,paired_ptbxl_patient_cluster,macro_auroc_record_influence,0.02445853631897632,0.015319786441207546,0.03351523135609745,2198,1904,2000,paired_patient_cluster_BCa,0.002351487316208334,-0.011280066443693096
unet,ecgfounder_auroc,mse:mmd:derivative,three_way,supplemental_2x2x2x2_including_mse_toggle,paired_ptbxl_patient_cluster,macro_auroc_record_influence,0.027927786631169127,0.01923014076223554,0.03677867787415631,2198,1904,2000,paired_patient_cluster_BCa,0.0034846669145322407,0.003759951271145795
unet,ecgfounder_auroc,correlation:mmd:derivative,three_way,supplemental_2x2x2x2_including_mse_toggle,paired_ptbxl_patient_cluster,macro_auroc_record_influence,0.02850499711754329,0.01881983986236312,0.037228713996295126,2198,1904,2000,paired_patient_cluster_BCa,0.0007771030104000224,-0.02757640573939172
unet,ecgfounder_auroc,mse:correlation:mmd:derivative,four_way,supplemental_2x2x2x2_including_mse_toggle,paired_ptbxl_patient_cluster,macro_auroc_record_influence,-0.05284627253713304,-0.07191724933720563,-0.03480723527335171,2198,1904,2000,paired_patient_cluster_BCa,-0.0009874097921204533,-0.017547298372150792
ecgaim,mse,mse,main,supplemental_2x2x2x2_including_mse_toggle,paired_ptbxl_patient_cluster,record_metric,-4.966814981613173e-05,-7.392247380250266e-05,-2.704398070334404e-05,2198,1904,2000,paired_patient_cluster_BCa,-0.012884871478147717,0.03008407662018911
ecgaim,mse,correlation,main,supplemental_2x2x2x2_including_mse_toggle,paired_ptbxl_patient_cluster,record_metric,-0.0007223969280777727,-0.0008386139368895236,-0.0006124015840128772,2198,1904,2000,paired_patient_cluster_BCa,-0.007399296165047505,0.007519955698540524
ecgaim,mse,mmd,main,supplemental_2x2x2x2_including_mse_toggle,paired_ptbxl_patient_cluster,record_metric,-0.0001016766512991181,-0.0001509599971163161,-5.762804689538197e-05,2198,1904,2000,paired_patient_cluster_BCa,-0.01644419124609617,-0.0012533144654325557
ecgaim,mse,derivative,main,supplemental_2x2x2x2_including_mse_toggle,paired_ptbxl_patient_cluster,record_metric,6.379770697644004e-05,3.725135246733284e-05,9.335440304522025e-05,2198,1904,2000,paired_patient_cluster_BCa,0.01958251356005309,-0.0012533144654325557
ecgaim,mse,mse:correlation,pairwise,supplemental_2x2x2x2_including_mse_toggle,paired_ptbxl_patient_cluster,record_metric,6.714218715759265e-05,1.4094691230053277e-05,0.00011630900457790986,2198,1904,2000,paired_patient_cluster_BCa,-0.007062011425393812,-0.03008407662018911
ecgaim,mse,mse:mmd,pairwise,supplemental_2x2x2x2_including_mse_toggle,paired_ptbxl_patient_cluster,record_metric,-1.4092422241710077e-05,-6.769465539027428e-05,3.8005387311793e-05,2198,1904,2000,paired_patient_cluster_BCa,0.005973990581699973,-0.008773311508328191
ecgaim,mse,mse:derivative,pairwise,supplemental_2x2x2x2_including_mse_toggle,paired_ptbxl_patient_cluster,record_metric,4.9769178879269535e-05,-1.6435887757044827e-06,0.00011057634194870022,2198,1904,2000,paired_patient_cluster_BCa,0.01238148226377987,0.03133798202142648
ecgaim,mse,correlation:mmd,pairwise,supplemental_2x2x2x2_including_mse_toggle,paired_ptbxl_patient_cluster,record_metric,0.00017835108736139388,8.764702605746094e-05,0.00028333908186915866,2198,1904,2000,paired_patient_cluster_BCa,0.024493296998693386,-0.011280066443693096
ecgaim,mse,correlation:derivative,pairwise,supplemental_2x2x2x2_including_mse_toggle,paired_ptbxl_patient_cluster,record_metric,-9.212609607845717e-05,-0.0001480079323932363,-3.940659262125771e-05,2198,1904,2000,paired_patient_cluster_BCa,-0.004282289376341038,0.02381521960940934
ecgaim,mse,mmd:derivative,pairwise,supplemental_2x2x2x2_including_mse_toggle,paired_ptbxl_patient_cluster,record_metric,-9.238133080246679e-06,-6.128489626266268e-05,3.9465974327853515e-05,2198,1904,2000,paired_patient_cluster_BCa,-0.002270038857191821,-0.012533469508069276
ecgaim,mse,mse:correlation:mmd,three_way,supplemental_2x2x2x2_including_mse_toggle,paired_ptbxl_patient_cluster,record_metric,0.0002454942752379103,0.0001386144715346032,0.00037220051585956117,2198,1904,2000,paired_patient_cluster_BCa,0.01842961379413293,0.033845942621651186
ecgaim,mse,mse:correlation:derivative,three_way,supplemental_2x2x2x2_including_mse_toggle,paired_ptbxl_patient_cluster,record_metric,-1.1964583065493406e-05,-0.0001281404222973487,0.00013773179764001674,2198,1904,2000,paired_patient_cluster_BCa,0.02632102055260137,0.010026681100274765
ecgaim,mse,mse:mmd:derivative,three_way,supplemental_2x2x2x2_including_mse_toggle,paired_ptbxl_patient_cluster,record_metric,-1.1869401993703273e-05,-0.00012860690516176978,8.830738540572267e-05,2198,1904,2000,paired_patient_cluster_BCa,-0.020823732306085106,-0.015040336678635672
ecgaim,mse,correlation:mmd:derivative,three_way,supplemental_2x2x2x2_including_mse_toggle,paired_ptbxl_patient_cluster,record_metric,6.704944187978213e-06,-7.999734071430478e-05,9.863841058626216e-05,2198,1904,2000,paired_patient_cluster_BCa,0.0038182846671849786,0.04764395595447656
ecgaim,mse,mse:correlation:mmd:derivative,four_way,supplemental_2x2x2x2_including_mse_toggle,paired_ptbxl_patient_cluster,record_metric,7.263935201839918e-05,-0.00017825969934974104,0.0002830457920675664,2198,1904,2000,paired_patient_cluster_BCa,-0.012127597387421791,-0.08155573793071842
ecgaim,r2,mse,main,supplemental_2x2x2x2_including_mse_toggle,paired_ptbxl_patient_cluster,record_metric,0.0005391669664665416,0.00010695420371964472,0.0009329966308192789,2198,1904,2000,paired_patient_cluster_BCa,-0.006692499161408644,-0.032591936696663076
ecgaim,r2,correlation,main,supplemental_2x2x2x2_including_mse_toggle,paired_ptbxl_patient_cluster,record_metric,0.014650209315086853,0.013134047366801316,0.016411955285087588,2198,1904,2000,paired_patient_cluster_BCa,0.030698254324401934,0.020054370352950636
ecgaim,r2,mmd,main,supplemental_2x2x2x2_including_mse_toggle,paired_ptbxl_patient_cluster,record_metric,-7.957700799173549e-05,-0.0006660806732150692,0.0005626097983023846,2198,1904,2000,paired_patient_cluster_BCa,0.011281488627035168,-0.0037599512711459344
ecgaim,r2,derivative,main,supplemental_2x2x2x2_including_mse_toggle,paired_ptbxl_patient_cluster,record_metric,-0.0009354807432917615,-0.0014454305736040951,-0.000557525940325784,2198,1904,2000,paired_patient_cluster_BCa,-0.01960267552566005,-0.09036143712925866
ecgaim,r2,mse:correlation,pairwise,supplemental_2x2x2x2_including_mse_toggle,paired_ptbxl_patient_cluster,record_metric,-0.002881324679292679,-0.0036911028286360937,-0.0020404263944576637,2198,1904,2000,paired_patient_cluster_BCa,-0.005769856171223445,0.06396260838426915
ecgaim,r2,mse:mmd,pairwise,supplemental_2x2x2x2_including_mse_toggle,paired_ptbxl_patient_cluster,record_metric,0.001450133791677035,0.00013953400864186665,0.00266410918307464,2198,1904,2000,paired_patient_cluster_BCa,-0.004994077522962877,-0.04137116513242771
ecgaim,r2,mse:derivative,pairwise,supplemental_2x2x2x2_including_mse_toggle,paired_ptbxl_patient_cluster,record_metric,-0.0015653262742520908,-0.003759261322719007,-0.0006037681152591793,2198,1904,2000,paired_patient_cluster_BCa,-0.07657822907989169,-0.10799456940915406
ecgaim,r2,correlation:mmd,pairwise,supplemental_2x2x2x2_including_mse_toggle,paired_ptbxl_patient_cluster,record_metric,-0.0015590398904629767,-0.002755946742167452,-0.0003731640948749662,2198,1904,2000,paired_patient_cluster_BCa,-0.009980485564359704,0.007519955698540524
ecgaim,r2,correlation:derivative,pairwise,supplemental_2x2x2x2_including_mse_toggle,paired_ptbxl_patient_cluster,record_metric,0.0015248288908133111,0.0003530565857192045,0.0022917981470538967,2198,1904,2000,paired_patient_cluster_BCa,-0.03997149251799335,-0.04889873121265653
ecgaim,r2,mmd:derivative,pairwise,supplemental_2x2x2x2_including_mse_toggle,paired_ptbxl_patient_cluster,record_metric,0.001245993320361751,0.0003956862468534451,0.002125928754307834,2198,1904,2000,paired_patient_cluster_BCa,-0.0042929834948151465,0.04137116513242757
ecgaim,r2,mse:correlation:mmd,three_way,supplemental_2x2x2x2_including_mse_toggle,paired_ptbxl_patient_cluster,record_metric,-0.007216317412207027,-0.012754006029063202,-0.0053158248236145934,2198,1904,2000,paired_patient_cluster_BCa,-0.08992400967346628,-0.1433674354577667
ecgaim,r2,mse:correlation:derivative,three_way,supplemental_2x2x2x2_including_mse_toggle,paired_ptbxl_patient_cluster,record_metric,0.0032225597100679826,0.0016184101791651847,0.004769614711027301,2198,1904,2000,paired_patient_cluster_BCa,-0.006413127963605679,0.006266611701750335
ecgaim,r2,mse:mmd:derivative,three_way,supplemental_2x2x2x2_including_mse_toggle,paired_ptbxl_patient_cluster,record_metric,-0.004067119202801993,-0.005717505574079498,-0.0024411572356845997,2198,1904,2000,paired_patient_cluster_BCa,0.0060320348482064065,-0.012533469508069276
ecgaim,r2,correlation:mmd:derivative,three_way,supplemental_2x2x2x2_including_mse_toggle,paired_ptbxl_patient_cluster,record_metric,-0.0002512007990294391,-0.0018416776661524061,0.001139374459077983,2198,1904,2000,paired_patient_cluster_BCa,-0.0033587990615724364,-0.05015358346473367
ecgaim,r2,mse:correlation:mmd:derivative,four_way,supplemental_2x2x2x2_including_mse_toggle,paired_ptbxl_patient_cluster,record_metric,-0.0024534614011602947,-0.005583756062226028,0.0017286594527357944,2198,1904,2000,paired_patient_cluster_BCa,0.03782210122233183,0.018800819591187533
ecgaim,pearson,mse,main,supplemental_2x2x2x2_including_mse_toggle,paired_ptbxl_patient_cluster,record_metric,0.00026247232603256654,0.00014724067508631235,0.00037089720909293624,2198,1904,2000,paired_patient_cluster_BCa,-5.41132696670463e-05,-0.043880072299401184
ecgaim,pearson,correlation,main,supplemental_2x2x2x2_including_mse_toggle,paired_ptbxl_patient_cluster,record_metric,0.008550076915783378,0.008025853703208031,0.009049890137637242,2198,1904,2000,paired_patient_cluster_BCa,0.009658702846817696,-0.04889873121265653
ecgaim,pearson,mmd,main,supplemental_2x2x2x2_including_mse_toggle,paired_ptbxl_patient_cluster,record_metric,0.0004418974520267412,0.0002885562392373297,0.0006055612076192652,2198,1904,2000,paired_patient_cluster_BCa,0.0020298225987770003,0.011280066443692957
ecgaim,pearson,derivative,main,supplemental_2x2x2x2_including_mse_toggle,paired_ptbxl_patient_cluster,record_metric,-0.0003572587411955772,-0.0004825165250986462,-0.00023579065557431761,2198,1904,2000,paired_patient_cluster_BCa,-0.002383646750267296,-0.03384594262165133
ecgaim,pearson,mse:correlation,pairwise,supplemental_2x2x2x2_including_mse_toggle,paired_ptbxl_patient_cluster,record_metric,-0.0005149428001363457,-0.0007502547680956048,-0.00027255435177148563,2198,1904,2000,paired_patient_cluster_BCa,-0.0025452796046895594,0.06396260838426915
ecgaim,pearson,mse:mmd,pairwise,supplemental_2x2x2x2_including_mse_toggle,paired_ptbxl_patient_cluster,record_metric,0.0002570735617753481,3.784077510778554e-05,0.0004891291953018006,2198,1904,2000,paired_patient_cluster_BCa,-0.001339211135323162,-0.010026681100274765
ecgaim,pearson,mse:derivative,pairwise,supplemental_2x2x2x2_including_mse_toggle,paired_ptbxl_patient_cluster,record_metric,-0.000324524515346574,-0.0005989388856139302,-5.348805397098396e-05,2198,1904,2000,paired_patient_cluster_BCa,0.0027407157126373978,-0.02256156839022472
ecgaim,pearson,correlation:mmd,pairwise,supplemental_2x2x2x2_including_mse_toggle,paired_ptbxl_patient_cluster,record_metric,-0.0004656290003285829,-0.0008047566602881681,-0.00013836212396491646,2198,1904,2000,paired_patient_cluster_BCa,-0.0007369256649322898,-0.017547298372150792
ecgaim,pearson,correlation:derivative,pairwise,supplemental_2x2x2x2_including_mse_toggle,paired_ptbxl_patient_cluster,record_metric,0.0006420556438902056,0.0004096002756459808,0.0009014218300974097,2198,1904,2000,paired_patient_cluster_BCa,0.006726660465774818,0.017547298372150792
ecgaim,pearson,mmd:derivative,pairwise,supplemental_2x2x2x2_including_mse_toggle,paired_ptbxl_patient_cluster,record_metric,-0.00012173773119187116,-0.0003504082874914088,0.00011140011137306687,2198,1904,2000,paired_patient_cluster_BCa,0.003577384923756337,0.032591936696663076
ecgaim,pearson,mse:correlation:mmd,three_way,supplemental_2x2x2x2_including_mse_toggle,paired_ptbxl_patient_cluster,record_metric,-0.0008352994715440696,-0.0013461751297871082,-0.00036235479881416586,2198,1904,2000,paired_patient_cluster_BCa,-0.005408018710878798,-0.032591936696663076
ecgaim,pearson,mse:correlation:derivative,three_way,supplemental_2x2x2x2_including_mse_toggle,paired_ptbxl_patient_cluster,record_metric,0.0007286660569814034,0.00018640255493252442,0.0012531725543923418,2198,1904,2000,paired_patient_cluster_BCa,-0.0033256290008839983,0.007519955698540524
ecgaim,pearson,mse:mmd:derivative,three_way,supplemental_2x2x2x2_including_mse_toggle,paired_ptbxl_patient_cluster,record_metric,-0.0012149023497180574,-0.0016889256152087233,-0.0007855683007147062,2198,1904,2000,paired_patient_cluster_BCa,8.43397119257331e-05,-0.037608287661255936
ecgaim,pearson,correlation:mmd:derivative,three_way,supplemental_2x2x2x2_including_mse_toggle,paired_ptbxl_patient_cluster,record_metric,-0.00013414924935496213,-0.0006206561236666495,0.00030113524646704795,2198,1904,2000,paired_patient_cluster_BCa,-0.0038769024896291807,-0.051408514696362095
ecgaim,pearson,mse:correlation:mmd:derivative,four_way,supplemental_2x2x2x2_including_mse_toggle,paired_ptbxl_patient_cluster,record_metric,0.000715271560466756,-0.00013359849358242685,0.0016161293647021797,2198,1904,2000,paired_patient_cluster_BCa,-0.0001442594304360724,0.020054370352950636
ecgaim,qrs_correlation,mse,main,supplemental_2x2x2x2_including_mse_toggle,paired_ptbxl_patient_cluster,record_metric,0.00038332026807879347,0.00023269403267551462,0.0005319171320536767,2198,1904,2000,paired_patient_cluster_BCa,0.0009032573767637174,-0.02381521960940948
ecgaim,qrs_correlation,correlation,main,supplemental_2x2x2x2_including_mse_toggle,paired_ptbxl_patient_cluster,record_metric,0.008123075589562965,0.00751123333255267,0.00873986177557484,2198,1904,2000,paired_patient_cluster_BCa,0.003273054922504976,-0.04137116513242771
ecgaim,qrs_correlation,mmd,main,supplemental_2x2x2x2_including_mse_toggle,paired_ptbxl_patient_cluster,record_metric,0.0008017387195833578,0.0006007774261304763,0.001031820160918797,2198,1904,2000,paired_patient_cluster_BCa,0.0029869651819502798,0.032591936696663076
ecgaim,qrs_correlation,derivative,main,supplemental_2x2x2x2_including_mse_toggle,paired_ptbxl_patient_cluster,record_metric,-0.0006263116021657594,-0.0008103547615939297,-0.0004546838466127497,2198,1904,2000,paired_patient_cluster_BCa,-0.0016932416184438702,-0.02381521960940948
ecgaim,qrs_correlation,mse:correlation,pairwise,supplemental_2x2x2x2_including_mse_toggle,paired_ptbxl_patient_cluster,record_metric,-0.0006359575637349291,-0.0009613210255399814,-0.0003071276928371687,2198,1904,2000,paired_patient_cluster_BCa,0.00429666268239657,0.008773311508328052
ecgaim,qrs_correlation,mse:mmd,pairwise,supplemental_2x2x2x2_including_mse_toggle,paired_ptbxl_patient_cluster,record_metric,0.0005114871070387533,0.00020842078713605963,0.0008163107841299128,2198,1904,2000,paired_patient_cluster_BCa,-0.0005751048073490688,0.006266611701750335
ecgaim,qrs_correlation,mse:derivative,pairwise,supplemental_2x2x2x2_including_mse_toggle,paired_ptbxl_patient_cluster,record_metric,-0.0005501269631461021,-0.0009216898366282727,-0.00019417761975593062,2198,1904,2000,paired_patient_cluster_BCa,0.0035251245495394206,-0.02506890825871106
ecgaim,qrs_correlation,correlation:mmd,pairwise,supplemental_2x2x2x2_including_mse_toggle,paired_ptbxl_patient_cluster,record_metric,-0.000927352868292535,-0.001376389280054849,-0.0004503225622933383,2198,1904,2000,paired_patient_cluster_BCa,-0.00020957813351319386,0.0025066308995717666
ecgaim,qrs_correlation,correlation:derivative,pairwise,supplemental_2x2x2x2_including_mse_toggle,paired_ptbxl_patient_cluster,record_metric,0.000594518787853676,0.00027059416001376827,0.0008998282573000865,2198,1904,2000,paired_patient_cluster_BCa,0.0017283558350845933,-0.032591936696663076
ecgaim,qrs_correlation,mmd:derivative,pairwise,supplemental_2x2x2x2_including_mse_toggle,paired_ptbxl_patient_cluster,record_metric,-0.00020164295328634524,-0.00047507852107975273,0.00011668309929337831,2198,1904,2000,paired_patient_cluster_BCa,0.0016682398076682955,0.060195411728956635
ecgaim,qrs_correlation,mse:correlation:mmd,three_way,supplemental_2x2x2x2_including_mse_toggle,paired_ptbxl_patient_cluster,record_metric,-0.0017068465634575264,-0.0023567679120333096,-0.001045053336273359,2198,1904,2000,paired_patient_cluster_BCa,0.00102998708054661,-0.017547298372150792
ecgaim,qrs_correlation,mse:correlation:derivative,three_way,supplemental_2x2x2x2_including_mse_toggle,paired_ptbxl_patient_cluster,record_metric,0.0009347699674119637,0.00017552476110389772,0.001574746671473006,2198,1904,2000,paired_patient_cluster_BCa,-0.0008188988682797161,-0.057684425107984175
ecgaim,qrs_correlation,mse:mmd:derivative,three_way,supplemental_2x2x2x2_including_mse_toggle,paired_ptbxl_patient_cluster,record_metric,-0.001720652896164269,-0.0023414360695289686,-0.0011196372700310571,2198,1904,2000,paired_patient_cluster_BCa,-0.0009479277285221362,0.006266611701750335
ecgaim,qrs_correlation,correlation:mmd:derivative,three_way,supplemental_2x2x2x2_including_mse_toggle,paired_ptbxl_patient_cluster,record_metric,0.0004192968697766483,-0.00015980094462819712,0.0009585318532905648,2198,1904,2000,paired_patient_cluster_BCa,0.0017671751985570434,-0.08910306697329581
ecgaim,qrs_correlation,mse:correlation:mmd:derivative,four_way,supplemental_2x2x2x2_including_mse_toggle,paired_ptbxl_patient_cluster,record_metric,0.0013195796059193399,9.458736261815724e-05,0.0025711231479873813,2198,1904,2000,paired_patient_cluster_BCa,-0.0029210408093064454,0.02506890825871106
ecgaim,st_correlation,mse,main,supplemental_2x2x2x2_including_mse_toggle,paired_ptbxl_patient_cluster,record_metric,0.00037748387377056487,0.00016849278489828454,0.0006027241410161635,2198,1904,2000,paired_patient_cluster_BCa,0.003521176536538498,0.0025066308995717666
ecgaim,st_correlation,correlation,main,supplemental_2x2x2x2_including_mse_toggle,paired_ptbxl_patient_cluster,record_metric,0.013684163309969185,0.012597075692589898,0.014787816090640348,2198,1904,2000,paired_patient_cluster_BCa,0.00337513489170557,0.018800819591187533
ecgaim,st_correlation,mmd,main,supplemental_2x2x2x2_including_mse_toggle,paired_ptbxl_patient_cluster,record_metric,0.0006322357102054344,0.0003359888265004913,0.0009556376968458167,2198,1904,2000,paired_patient_cluster_BCa,0.004952500174025926,0.045134628481421316
ecgaim,st_correlation,derivative,main,supplemental_2x2x2x2_including_mse_toggle,paired_ptbxl_patient_cluster,record_metric,-0.00033324868870820767,-0.000574367348467205,-0.00010268145132831056,2198,1904,2000,paired_patient_cluster_BCa,0.0009177485851853633,-0.04262558517694437
ecgaim,st_correlation,mse:correlation,pairwise,supplemental_2x2x2x2_including_mse_toggle,paired_ptbxl_patient_cluster,record_metric,-0.000618198802984481,-0.001032437207260916,-0.00018833177074799545,2198,1904,2000,paired_patient_cluster_BCa,-0.0026253881720571326,0.04137116513242757
ecgaim,st_correlation,mse:mmd,pairwise,supplemental_2x2x2x2_including_mse_toggle,paired_ptbxl_patient_cluster,record_metric,0.00024637655476900344,-0.0002045870795796467,0.0006674685142623307,2198,1904,2000,paired_patient_cluster_BCa,-0.004229338342493735,-0.03008407662018911
ecgaim,st_correlation,mse:derivative,pairwise,supplemental_2x2x2x2_including_mse_toggle,paired_ptbxl_patient_cluster,record_metric,4.632396825863762e-05,-0.00041720291045058936,0.0005151131819588893,2198,1904,2000,paired_patient_cluster_BCa,0.0033978398624671014,-0.015040336678635672
ecgaim,st_correlation,correlation:mmd,pairwise,supplemental_2x2x2x2_including_mse_toggle,paired_ptbxl_patient_cluster,record_metric,-0.0007596047566153196,-0.0013930622451474514,-0.0001525094241225982,2198,1904,2000,paired_patient_cluster_BCa,-0.003238008189657018,0.003759951271145795
ecgaim,st_correlation,correlation:derivative,pairwise,supplemental_2x2x2x2_including_mse_toggle,paired_ptbxl_patient_cluster,record_metric,0.0003615790061866775,-6.772854581751271e-05,0.0008374023720949301,2198,1904,2000,paired_patient_cluster_BCa,0.006275887512216482,0.028830218517740373
ecgaim,st_correlation,mmd:derivative,pairwise,supplemental_2x2x2x2_including_mse_toggle,paired_ptbxl_patient_cluster,record_metric,8.599712773564995e-05,-0.0003087836934542176,0.0004961945483412821,2198,1904,2000,paired_patient_cluster_BCa,0.0049872868438364205,-0.0012533144654325557
ecgaim,st_correlation,mse:correlation:mmd,three_way,supplemental_2x2x2x2_including_mse_toggle,paired_ptbxl_patient_cluster,record_metric,-0.002201377618684981,-0.0030874684867339026,-0.001243272492707119,2198,1904,2000,paired_patient_cluster_BCa,-0.0024966774230567902,0.012533469508069276
ecgaim,st_correlation,mse:correlation:derivative,three_way,supplemental_2x2x2x2_including_mse_toggle,paired_ptbxl_patient_cluster,record_metric,0.0010255648562995836,4.176880551791861e-05,0.00198860763147779,2198,1904,2000,paired_patient_cluster_BCa,-0.0006123006867361841,0.010026681100274765
ecgaim,st_correlation,mse:mmd:derivative,three_way,supplemental_2x2x2x2_including_mse_toggle,paired_ptbxl_patient_cluster,record_metric,-0.00020107344004330948,-0.0010648824914521527,0.0006550387180910993,2198,1904,2000,paired_patient_cluster_BCa,0.00287868471110437,-0.018800819591187675
ecgaim,st_correlation,correlation:mmd:derivative,three_way,supplemental_2x2x2x2_including_mse_toggle,paired_ptbxl_patient_cluster,record_metric,0.00021723326655233896,-0.0006318353095125151,0.0010538730445386686,2198,1904,2000,paired_patient_cluster_BCa,0.002165148787371465,-0.02883021851774051
ecgaim,st_correlation,mse:correlation:mmd:derivative,four_way,supplemental_2x2x2x2_including_mse_toggle,paired_ptbxl_patient_cluster,record_metric,-0.0027895846517026583,-0.0045481011309679445,-0.001181988177085475,2198,1904,2000,paired_patient_cluster_BCa,-0.002285113508167995,-0.03133798202142662
ecgaim,j_point_amplitude_mae,mse,main,supplemental_2x2x2x2_including_mse_toggle,paired_ptbxl_patient_cluster,record_metric,-1.9095593587147093e-05,-6.0250159093306875e-05,1.636838697402551e-05,2198,1904,2000,paired_patient_cluster_BCa,-0.017016493449229363,-0.018800819591187675
ecgaim,j_point_amplitude_mae,correlation,main,supplemental_2x2x2x2_including_mse_toggle,paired_ptbxl_patient_cluster,record_metric,-0.002092309883927877,-0.002234089756851911,-0.0019439479527272104,2198,1904,2000,paired_patient_cluster_BCa,-0.008303250439404969,0.02381521960940934
ecgaim,j_point_amplitude_mae,mmd,main,supplemental_2x2x2x2_including_mse_toggle,paired_ptbxl_patient_cluster,record_metric,0.00016823288947733642,0.00011069548003464862,0.00023364996809354947,2198,1904,2000,paired_patient_cluster_BCa,0.021252967063119892,0.04137116513242757
ecgaim,j_point_amplitude_mae,derivative,main,supplemental_2x2x2x2_including_mse_toggle,paired_ptbxl_patient_cluster,record_metric,-6.271407450528119e-05,-0.00010042182710104785,-2.4380903594006957e-05,2198,1904,2000,paired_patient_cluster_BCa,-0.0012879386573792081,0.02381521960940934
ecgaim,j_point_amplitude_mae,mse:correlation,pairwise,supplemental_2x2x2x2_including_mse_toggle,paired_ptbxl_patient_cluster,record_metric,0.00011789673073700306,3.990294855772396e-05,0.00020139211703478543,2198,1904,2000,paired_patient_cluster_BCa,0.007709650482102475,-0.02256156839022472
ecgaim,j_point_amplitude_mae,mse:mmd,pairwise,supplemental_2x2x2x2_including_mse_toggle,paired_ptbxl_patient_cluster,record_metric,9.760945928185581e-05,2.7133219242811696e-05,0.00017722284045559766,2198,1904,2000,paired_patient_cluster_BCa,0.0040174924764297335,0.04764395595447656
ecgaim,j_point_amplitude_mae,mse:derivative,pairwise,supplemental_2x2x2x2_including_mse_toggle,paired_ptbxl_patient_cluster,record_metric,-0.0001242757452655248,-0.00021045689185385211,-4.5299858986880216e-05,2198,1904,2000,paired_patient_cluster_BCa,-0.013200527196337426,-0.020054370352950636
ecgaim,j_point_amplitude_mae,correlation:mmd,pairwise,supplemental_2x2x2x2_including_mse_toggle,paired_ptbxl_patient_cluster,record_metric,0.00021888207365844308,0.00010975619238926923,0.000328670907266902,2198,1904,2000,paired_patient_cluster_BCa,0.0029361791080464023,-0.018800819591187675
ecgaim,j_point_amplitude_mae,correlation:derivative,pairwise,supplemental_2x2x2x2_including_mse_toggle,paired_ptbxl_patient_cluster,record_metric,-0.00014150057429086765,-0.0002247739129273709,-5.5594529890827475e-05,2198,1904,2000,paired_patient_cluster_BCa,-0.0021536108926211027,0.010026681100274765
ecgaim,j_point_amplitude_mae,mmd:derivative,pairwise,supplemental_2x2x2x2_including_mse_toggle,paired_ptbxl_patient_cluster,record_metric,1.446513941696251e-05,-6.077411318039647e-05,9.546797375752204e-05,2198,1904,2000,paired_patient_cluster_BCa,0.023403826044769812,-0.021307952628745463
ecgaim,j_point_amplitude_mae,mse:correlation:mmd,three_way,supplemental_2x2x2x2_including_mse_toggle,paired_ptbxl_patient_cluster,record_metric,1.2592690487521903e-05,-0.00015527639361548098,0.000166917094585803,2198,1904,2000,paired_patient_cluster_BCa,-0.0047475248704520875,-0.010026681100274765
ecgaim,j_point_amplitude_mae,mse:correlation:derivative,three_way,supplemental_2x2x2x2_including_mse_toggle,paired_ptbxl_patient_cluster,record_metric,-0.00020310042207353867,-0.0003502946005889699,-5.737913306015363e-05,2198,1904,2000,paired_patient_cluster_BCa,-0.0015267908300639257,-0.02632263631095278
ecgaim,j_point_amplitude_mae,mse:mmd:derivative,three_way,supplemental_2x2x2x2_including_mse_toggle,paired_ptbxl_patient_cluster,record_metric,-0.0004391047973914565,-0.0005961825565351414,-0.00028381304612255196,2198,1904,2000,paired_patient_cluster_BCa,-0.0013230905727279372,0.04137116513242757
ecgaim,j_point_amplitude_mae,correlation:mmd:derivative,three_way,supplemental_2x2x2x2_including_mse_toggle,paired_ptbxl_patient_cluster,record_metric,0.0002751888972524896,0.00012847580024709203,0.0004165572506974539,2198,1904,2000,paired_patient_cluster_BCa,0.0010468738772601348,0.02381521960940934
ecgaim,j_point_amplitude_mae,mse:correlation:mmd:derivative,four_way,supplemental_2x2x2x2_including_mse_toggle,paired_ptbxl_patient_cluster,record_metric,-2.576062604920554e-05,-0.00030539742249160236,0.00027760024211016,2198,1904,2000,paired_patient_cluster_BCa,0.0031768046799335553,-0.005013277548926657
ecgaim,ecgfounder_auroc,mse,main,supplemental_2x2x2x2_including_mse_toggle,paired_ptbxl_patient_cluster,macro_auroc_record_influence,0.00035801402038277867,-0.00011236020082570736,0.0008510915830037796,2198,1904,2000,paired_patient_cluster_BCa,0.0016010440145349857,-0.005013277548926657
ecgaim,ecgfounder_auroc,correlation,main,supplemental_2x2x2x2_including_mse_toggle,paired_ptbxl_patient_cluster,macro_auroc_record_influence,-5.5606001264960185e-05,-0.0017469673254774214,0.0018978829090558916,2198,1904,2000,paired_patient_cluster_BCa,-0.0011353755794095612,0.04137116513242757
ecgaim,ecgfounder_auroc,mmd,main,supplemental_2x2x2x2_including_mse_toggle,paired_ptbxl_patient_cluster,macro_auroc_record_influence,0.00037292489976033466,-0.00027458222366049496,0.0010833831362559304,2198,1904,2000,paired_patient_cluster_BCa,0.0075117552386839434,0.017547298372150792
ecgaim,ecgfounder_auroc,derivative,main,supplemental_2x2x2x2_including_mse_toggle,paired_ptbxl_patient_cluster,macro_auroc_record_influence,7.701435172034796e-05,-0.0004374093157117205,0.0006305326285964317,2198,1904,2000,paired_patient_cluster_BCa,0.004870799426538081,-0.020054370352950636
ecgaim,ecgfounder_auroc,mse:correlation,pairwise,supplemental_2x2x2x2_including_mse_toggle,paired_ptbxl_patient_cluster,macro_auroc_record_influence,-0.0005092725263708685,-0.0018678646293304657,0.0008443089477341503,2198,1904,2000,paired_patient_cluster_BCa,-0.005613116394722947,0.0025066308995717666
ecgaim,ecgfounder_auroc,mse:mmd,pairwise,supplemental_2x2x2x2_including_mse_toggle,paired_ptbxl_patient_cluster,macro_auroc_record_influence,-0.00047783019104605544,-0.001727531035785669,0.0007282222611269941,2198,1904,2000,paired_patient_cluster_BCa,-0.006258572274175427,0.003759951271145795
ecgaim,ecgfounder_auroc,mse:derivative,pairwise,supplemental_2x2x2x2_including_mse_toggle,paired_ptbxl_patient_cluster,macro_auroc_record_influence,0.00027745411323529105,-0.0008056514986108729,0.0015310462753640977,2198,1904,2000,paired_patient_cluster_BCa,0.005125808723622856,-0.0012533144654325557
ecgaim,ecgfounder_auroc,correlation:mmd,pairwise,supplemental_2x2x2x2_including_mse_toggle,paired_ptbxl_patient_cluster,macro_auroc_record_influence,-0.00018934758203634078,-0.0015772559672188606,0.0013763794669307695,2198,1904,2000,paired_patient_cluster_BCa,0.004395157082287105,0.038862518354400355
ecgaim,ecgfounder_auroc,correlation:derivative,pairwise,supplemental_2x2x2x2_including_mse_toggle,paired_ptbxl_patient_cluster,macro_auroc_record_influence,0.00020956091947307571,-0.0008312599233568893,0.0012063735703625059,2198,1904,2000,paired_patient_cluster_BCa,0.0057107732076081205,-0.053918622045273985
ecgaim,ecgfounder_auroc,mmd:derivative,pairwise,supplemental_2x2x2x2_including_mse_toggle,paired_ptbxl_patient_cluster,macro_auroc_record_influence,0.00036914399653651075,-0.0008244270186724225,0.0016435412023472643,2198,1904,2000,paired_patient_cluster_BCa,0.003974701083858841,0.006266611701750335
ecgaim,ecgfounder_auroc,mse:correlation:mmd,three_way,supplemental_2x2x2x2_including_mse_toggle,paired_ptbxl_patient_cluster,macro_auroc_record_influence,-0.0004960996157178946,-0.002685074486724293,0.0017158410107343,2198,1904,2000,paired_patient_cluster_BCa,0.001827213288647206,-0.02757640573939172
ecgaim,ecgfounder_auroc,mse:correlation:derivative,three_way,supplemental_2x2x2x2_including_mse_toggle,paired_ptbxl_patient_cluster,macro_auroc_record_influence,-0.0012440187479772467,-0.0038430525924222614,0.0016265680057524611,2198,1904,2000,paired_patient_cluster_BCa,0.0006033515079336683,0.021307952628745325
ecgaim,ecgfounder_auroc,mse:mmd:derivative,three_way,supplemental_2x2x2x2_including_mse_toggle,paired_ptbxl_patient_cluster,macro_auroc_record_influence,0.00018778984935357779,-0.002517594892120338,0.0025079200936539447,2198,1904,2000,paired_patient_cluster_BCa,-0.010996134331101137,-0.06773071300425916
ecgaim,ecgfounder_auroc,correlation:mmd:derivative,three_way,supplemental_2x2x2x2_including_mse_toggle,paired_ptbxl_patient_cluster,macro_auroc_record_influence,-0.0013697712081970985,-0.003933233604429823,0.0008689004376872488,2198,1904,2000,paired_patient_cluster_BCa,-0.014934974298230414,0.003759951271145795
ecgaim,ecgfounder_auroc,mse:correlation:mmd:derivative,four_way,supplemental_2x2x2x2_including_mse_toggle,paired_ptbxl_patient_cluster,macro_auroc_record_influence,0.0032973032787907254,-0.0008880532161674243,0.0072982915312862825,2198,1904,2000,paired_patient_cluster_BCa,0.0037213461915010073,-0.03008407662018911
