waveform,label,sample_rate,ID
1_lead_I.pkl,1_lead_I.pkl,500,1
1_lead_II.pkl,1_lead_II.pkl,500,1
1_lead_III.pkl,1_lead_III.pkl,500,1
1_lead_V1.pkl,1_lead_V1.pkl,500,1
1_lead_V2.pkl,1_lead_V2.pkl,500,1
1_lead_V3.pkl,1_lead_V3.pkl,500,1
1_lead_V4.pkl,1_lead_V4.pkl,500,1
1_lead_V5.pkl,1_lead_V5.pkl,500,1
1_lead_V6.pkl,1_lead_V6.pkl,500,1
1_lead_aVF.pkl,1_lead_aVF.pkl,500,1
1_lead_aVL.pkl,1_lead_aVL.pkl,500,1
1_lead_aVR.pkl,1_lead_aVR.pkl,500,1
10_lead_I.pkl,10_lead_I.pkl,500,10
10_lead_II.pkl,10_lead_II.pkl,500,10
10_lead_III.pkl,10_lead_III.pkl,500,10
10_lead_V1.pkl,10_lead_V1.pkl,500,10
10_lead_V2.pkl,10_lead_V2.pkl,500,10
10_lead_V3.pkl,10_lead_V3.pkl,500,10
10_lead_V4.pkl,10_lead_V4.pkl,500,10
10_lead_V5.pkl,10_lead_V5.pkl,500,10
10_lead_V6.pkl,10_lead_V6.pkl,500,10
10_lead_aVF.pkl,10_lead_aVF.pkl,500,10
10_lead_aVL.pkl,10_lead_aVL.pkl,500,10
10_lead_aVR.pkl,10_lead_aVR.pkl,500,10
100_lead_I.pkl,100_lead_I.pkl,500,100
100_lead_II.pkl,100_lead_II.pkl,500,100
100_lead_III.pkl,100_lead_III.pkl,500,100
100_lead_V1.pkl,100_lead_V1.pkl,500,100
100_lead_V2.pkl,100_lead_V2.pkl,500,100
100_lead_V3.pkl,100_lead_V3.pkl,500,100
100_lead_V4.pkl,100_lead_V4.pkl,500,100
100_lead_V5.pkl,100_lead_V5.pkl,500,100
100_lead_V6.pkl,100_lead_V6.pkl,500,100
100_lead_aVF.pkl,100_lead_aVF.pkl,500,100
100_lead_aVL.pkl,100_lead_aVL.pkl,500,100
100_lead_aVR.pkl,100_lead_aVR.pkl,500,100
101_lead_I.pkl,101_lead_I.pkl,500,101
101_lead_II.pkl,101_lead_II.pkl,500,101
101_lead_III.pkl,101_lead_III.pkl,500,101
101_lead_V1.pkl,101_lead_V1.pkl,500,101
101_lead_V2.pkl,101_lead_V2.pkl,500,101
101_lead_V3.pkl,101_lead_V3.pkl,500,101
101_lead_V4.pkl,101_lead_V4.pkl,500,101
101_lead_V5.pkl,101_lead_V5.pkl,500,101
101_lead_V6.pkl,101_lead_V6.pkl,500,101
101_lead_aVF.pkl,101_lead_aVF.pkl,500,101
101_lead_aVL.pkl,101_lead_aVL.pkl,500,101
101_lead_aVR.pkl,101_lead_aVR.pkl,500,101
106_lead_I.pkl,106_lead_I.pkl,500,106
106_lead_II.pkl,106_lead_II.pkl,500,106
106_lead_III.pkl,106_lead_III.pkl,500,106
106_lead_V1.pkl,106_lead_V1.pkl,500,106
106_lead_V2.pkl,106_lead_V2.pkl,500,106
106_lead_V3.pkl,106_lead_V3.pkl,500,106
106_lead_V4.pkl,106_lead_V4.pkl,500,106
106_lead_V5.pkl,106_lead_V5.pkl,500,106
106_lead_V6.pkl,106_lead_V6.pkl,500,106
106_lead_aVF.pkl,106_lead_aVF.pkl,500,106
106_lead_aVL.pkl,106_lead_aVL.pkl,500,106
106_lead_aVR.pkl,106_lead_aVR.pkl,500,106
108_lead_I.pkl,108_lead_I.pkl,500,108
108_lead_II.pkl,108_lead_II.pkl,500,108
108_lead_III.pkl,108_lead_III.pkl,500,108
108_lead_V1.pkl,108_lead_V1.pkl,500,108
108_lead_V2.pkl,108_lead_V2.pkl,500,108
108_lead_V3.pkl,108_lead_V3.pkl,500,108
108_lead_V4.pkl,108_lead_V4.pkl,500,108
108_lead_V5.pkl,108_lead_V5.pkl,500,108
108_lead_V6.pkl,108_lead_V6.pkl,500,108
108_lead_aVF.pkl,108_lead_aVF.pkl,500,108
108_lead_aVL.pkl,108_lead_aVL.pkl,500,108
108_lead_aVR.pkl,108_lead_aVR.pkl,500,108
110_lead_I.pkl,110_lead_I.pkl,500,110
110_lead_II.pkl,110_lead_II.pkl,500,110
110_lead_III.pkl,110_lead_III.pkl,500,110
110_lead_V1.pkl,110_lead_V1.pkl,500,110
110_lead_V2.pkl,110_lead_V2.pkl,500,110
110_lead_V3.pkl,110_lead_V3.pkl,500,110
110_lead_V4.pkl,110_lead_V4.pkl,500,110
110_lead_V5.pkl,110_lead_V5.pkl,500,110
110_lead_V6.pkl,110_lead_V6.pkl,500,110
110_lead_aVF.pkl,110_lead_aVF.pkl,500,110
110_lead_aVL.pkl,110_lead_aVL.pkl,500,110
110_lead_aVR.pkl,110_lead_aVR.pkl,500,110
119_lead_I.pkl,119_lead_I.pkl,500,119
119_lead_II.pkl,119_lead_II.pkl,500,119
119_lead_III.pkl,119_lead_III.pkl,500,119
119_lead_V1.pkl,119_lead_V1.pkl,500,119
119_lead_V2.pkl,119_lead_V2.pkl,500,119
119_lead_V3.pkl,119_lead_V3.pkl,500,119
119_lead_V4.pkl,119_lead_V4.pkl,500,119
119_lead_V5.pkl,119_lead_V5.pkl,500,119
119_lead_V6.pkl,119_lead_V6.pkl,500,119
119_lead_aVF.pkl,119_lead_aVF.pkl,500,119
119_lead_aVL.pkl,119_lead_aVL.pkl,500,119
119_lead_aVR.pkl,119_lead_aVR.pkl,500,119
12_lead_I.pkl,12_lead_I.pkl,500,12
12_lead_II.pkl,12_lead_II.pkl,500,12
12_lead_III.pkl,12_lead_III.pkl,500,12
12_lead_V1.pkl,12_lead_V1.pkl,500,12
12_lead_V2.pkl,12_lead_V2.pkl,500,12
12_lead_V3.pkl,12_lead_V3.pkl,500,12
12_lead_V4.pkl,12_lead_V4.pkl,500,12
12_lead_V5.pkl,12_lead_V5.pkl,500,12
12_lead_V6.pkl,12_lead_V6.pkl,500,12
12_lead_aVF.pkl,12_lead_aVF.pkl,500,12
12_lead_aVL.pkl,12_lead_aVL.pkl,500,12
12_lead_aVR.pkl,12_lead_aVR.pkl,500,12
121_lead_I.pkl,121_lead_I.pkl,500,121
121_lead_II.pkl,121_lead_II.pkl,500,121
121_lead_III.pkl,121_lead_III.pkl,500,121
121_lead_V1.pkl,121_lead_V1.pkl,500,121
121_lead_V2.pkl,121_lead_V2.pkl,500,121
121_lead_V3.pkl,121_lead_V3.pkl,500,121
121_lead_V4.pkl,121_lead_V4.pkl,500,121
121_lead_V5.pkl,121_lead_V5.pkl,500,121
121_lead_V6.pkl,121_lead_V6.pkl,500,121
121_lead_aVF.pkl,121_lead_aVF.pkl,500,121
121_lead_aVL.pkl,121_lead_aVL.pkl,500,121
121_lead_aVR.pkl,121_lead_aVR.pkl,500,121
127_lead_I.pkl,127_lead_I.pkl,500,127
127_lead_II.pkl,127_lead_II.pkl,500,127
127_lead_III.pkl,127_lead_III.pkl,500,127
127_lead_V1.pkl,127_lead_V1.pkl,500,127
127_lead_V2.pkl,127_lead_V2.pkl,500,127
127_lead_V3.pkl,127_lead_V3.pkl,500,127
127_lead_V4.pkl,127_lead_V4.pkl,500,127
127_lead_V5.pkl,127_lead_V5.pkl,500,127
127_lead_V6.pkl,127_lead_V6.pkl,500,127
127_lead_aVF.pkl,127_lead_aVF.pkl,500,127
127_lead_aVL.pkl,127_lead_aVL.pkl,500,127
127_lead_aVR.pkl,127_lead_aVR.pkl,500,127
131_lead_I.pkl,131_lead_I.pkl,500,131
131_lead_II.pkl,131_lead_II.pkl,500,131
131_lead_III.pkl,131_lead_III.pkl,500,131
131_lead_V1.pkl,131_lead_V1.pkl,500,131
131_lead_V2.pkl,131_lead_V2.pkl,500,131
131_lead_V3.pkl,131_lead_V3.pkl,500,131
131_lead_V4.pkl,131_lead_V4.pkl,500,131
131_lead_V5.pkl,131_lead_V5.pkl,500,131
131_lead_V6.pkl,131_lead_V6.pkl,500,131
131_lead_aVF.pkl,131_lead_aVF.pkl,500,131
131_lead_aVL.pkl,131_lead_aVL.pkl,500,131
131_lead_aVR.pkl,131_lead_aVR.pkl,500,131
133_lead_I.pkl,133_lead_I.pkl,500,133
133_lead_II.pkl,133_lead_II.pkl,500,133
133_lead_III.pkl,133_lead_III.pkl,500,133
133_lead_V1.pkl,133_lead_V1.pkl,500,133
133_lead_V2.pkl,133_lead_V2.pkl,500,133
133_lead_V3.pkl,133_lead_V3.pkl,500,133
133_lead_V4.pkl,133_lead_V4.pkl,500,133
133_lead_V5.pkl,133_lead_V5.pkl,500,133
133_lead_V6.pkl,133_lead_V6.pkl,500,133
133_lead_aVF.pkl,133_lead_aVF.pkl,500,133
133_lead_aVL.pkl,133_lead_aVL.pkl,500,133
133_lead_aVR.pkl,133_lead_aVR.pkl,500,133
136_lead_I.pkl,136_lead_I.pkl,500,136
136_lead_II.pkl,136_lead_II.pkl,500,136
136_lead_III.pkl,136_lead_III.pkl,500,136
136_lead_V1.pkl,136_lead_V1.pkl,500,136
136_lead_V2.pkl,136_lead_V2.pkl,500,136
136_lead_V3.pkl,136_lead_V3.pkl,500,136
136_lead_V4.pkl,136_lead_V4.pkl,500,136
136_lead_V5.pkl,136_lead_V5.pkl,500,136
136_lead_V6.pkl,136_lead_V6.pkl,500,136
136_lead_aVF.pkl,136_lead_aVF.pkl,500,136
136_lead_aVL.pkl,136_lead_aVL.pkl,500,136
136_lead_aVR.pkl,136_lead_aVR.pkl,500,136
137_lead_I.pkl,137_lead_I.pkl,500,137
137_lead_II.pkl,137_lead_II.pkl,500,137
137_lead_III.pkl,137_lead_III.pkl,500,137
137_lead_V1.pkl,137_lead_V1.pkl,500,137
137_lead_V2.pkl,137_lead_V2.pkl,500,137
137_lead_V3.pkl,137_lead_V3.pkl,500,137
137_lead_V4.pkl,137_lead_V4.pkl,500,137
137_lead_V5.pkl,137_lead_V5.pkl,500,137
137_lead_V6.pkl,137_lead_V6.pkl,500,137
137_lead_aVF.pkl,137_lead_aVF.pkl,500,137
137_lead_aVL.pkl,137_lead_aVL.pkl,500,137
137_lead_aVR.pkl,137_lead_aVR.pkl,500,137
138_lead_I.pkl,138_lead_I.pkl,500,138
138_lead_II.pkl,138_lead_II.pkl,500,138
138_lead_III.pkl,138_lead_III.pkl,500,138
138_lead_V1.pkl,138_lead_V1.pkl,500,138
138_lead_V2.pkl,138_lead_V2.pkl,500,138
138_lead_V3.pkl,138_lead_V3.pkl,500,138
138_lead_V4.pkl,138_lead_V4.pkl,500,138
138_lead_V5.pkl,138_lead_V5.pkl,500,138
138_lead_V6.pkl,138_lead_V6.pkl,500,138
138_lead_aVF.pkl,138_lead_aVF.pkl,500,138
138_lead_aVL.pkl,138_lead_aVL.pkl,500,138
138_lead_aVR.pkl,138_lead_aVR.pkl,500,138
143_lead_I.pkl,143_lead_I.pkl,500,143
143_lead_II.pkl,143_lead_II.pkl,500,143
143_lead_III.pkl,143_lead_III.pkl,500,143
143_lead_V1.pkl,143_lead_V1.pkl,500,143
143_lead_V2.pkl,143_lead_V2.pkl,500,143
143_lead_V3.pkl,143_lead_V3.pkl,500,143
143_lead_V4.pkl,143_lead_V4.pkl,500,143
143_lead_V5.pkl,143_lead_V5.pkl,500,143
143_lead_V6.pkl,143_lead_V6.pkl,500,143
143_lead_aVF.pkl,143_lead_aVF.pkl,500,143
143_lead_aVL.pkl,143_lead_aVL.pkl,500,143
143_lead_aVR.pkl,143_lead_aVR.pkl,500,143
146_lead_I.pkl,146_lead_I.pkl,500,146
146_lead_II.pkl,146_lead_II.pkl,500,146
146_lead_III.pkl,146_lead_III.pkl,500,146
146_lead_V1.pkl,146_lead_V1.pkl,500,146
146_lead_V2.pkl,146_lead_V2.pkl,500,146
146_lead_V3.pkl,146_lead_V3.pkl,500,146
146_lead_V4.pkl,146_lead_V4.pkl,500,146
146_lead_V5.pkl,146_lead_V5.pkl,500,146
146_lead_V6.pkl,146_lead_V6.pkl,500,146
146_lead_aVF.pkl,146_lead_aVF.pkl,500,146
146_lead_aVL.pkl,146_lead_aVL.pkl,500,146
146_lead_aVR.pkl,146_lead_aVR.pkl,500,146
148_lead_I.pkl,148_lead_I.pkl,500,148
148_lead_II.pkl,148_lead_II.pkl,500,148
148_lead_III.pkl,148_lead_III.pkl,500,148
148_lead_V1.pkl,148_lead_V1.pkl,500,148
148_lead_V2.pkl,148_lead_V2.pkl,500,148
148_lead_V3.pkl,148_lead_V3.pkl,500,148
148_lead_V4.pkl,148_lead_V4.pkl,500,148
148_lead_V5.pkl,148_lead_V5.pkl,500,148
148_lead_V6.pkl,148_lead_V6.pkl,500,148
148_lead_aVF.pkl,148_lead_aVF.pkl,500,148
148_lead_aVL.pkl,148_lead_aVL.pkl,500,148
148_lead_aVR.pkl,148_lead_aVR.pkl,500,148
149_lead_I.pkl,149_lead_I.pkl,500,149
149_lead_II.pkl,149_lead_II.pkl,500,149
149_lead_III.pkl,149_lead_III.pkl,500,149
149_lead_V1.pkl,149_lead_V1.pkl,500,149
149_lead_V2.pkl,149_lead_V2.pkl,500,149
149_lead_V3.pkl,149_lead_V3.pkl,500,149
149_lead_V4.pkl,149_lead_V4.pkl,500,149
149_lead_V5.pkl,149_lead_V5.pkl,500,149
149_lead_V6.pkl,149_lead_V6.pkl,500,149
149_lead_aVF.pkl,149_lead_aVF.pkl,500,149
149_lead_aVL.pkl,149_lead_aVL.pkl,500,149
149_lead_aVR.pkl,149_lead_aVR.pkl,500,149
15_lead_I.pkl,15_lead_I.pkl,500,15
15_lead_II.pkl,15_lead_II.pkl,500,15
15_lead_III.pkl,15_lead_III.pkl,500,15
15_lead_V1.pkl,15_lead_V1.pkl,500,15
15_lead_V2.pkl,15_lead_V2.pkl,500,15
15_lead_V3.pkl,15_lead_V3.pkl,500,15
15_lead_V4.pkl,15_lead_V4.pkl,500,15
15_lead_V5.pkl,15_lead_V5.pkl,500,15
15_lead_V6.pkl,15_lead_V6.pkl,500,15
15_lead_aVF.pkl,15_lead_aVF.pkl,500,15
15_lead_aVL.pkl,15_lead_aVL.pkl,500,15
15_lead_aVR.pkl,15_lead_aVR.pkl,500,15
156_lead_I.pkl,156_lead_I.pkl,500,156
156_lead_II.pkl,156_lead_II.pkl,500,156
156_lead_III.pkl,156_lead_III.pkl,500,156
156_lead_V1.pkl,156_lead_V1.pkl,500,156
156_lead_V2.pkl,156_lead_V2.pkl,500,156
156_lead_V3.pkl,156_lead_V3.pkl,500,156
156_lead_V4.pkl,156_lead_V4.pkl,500,156
156_lead_V5.pkl,156_lead_V5.pkl,500,156
156_lead_V6.pkl,156_lead_V6.pkl,500,156
156_lead_aVF.pkl,156_lead_aVF.pkl,500,156
156_lead_aVL.pkl,156_lead_aVL.pkl,500,156
156_lead_aVR.pkl,156_lead_aVR.pkl,500,156
158_lead_I.pkl,158_lead_I.pkl,500,158
158_lead_II.pkl,158_lead_II.pkl,500,158
158_lead_III.pkl,158_lead_III.pkl,500,158
158_lead_V1.pkl,158_lead_V1.pkl,500,158
158_lead_V2.pkl,158_lead_V2.pkl,500,158
158_lead_V3.pkl,158_lead_V3.pkl,500,158
158_lead_V4.pkl,158_lead_V4.pkl,500,158
158_lead_V5.pkl,158_lead_V5.pkl,500,158
158_lead_V6.pkl,158_lead_V6.pkl,500,158
158_lead_aVF.pkl,158_lead_aVF.pkl,500,158
158_lead_aVL.pkl,158_lead_aVL.pkl,500,158
158_lead_aVR.pkl,158_lead_aVR.pkl,500,158
161_lead_I.pkl,161_lead_I.pkl,500,161
161_lead_II.pkl,161_lead_II.pkl,500,161
161_lead_III.pkl,161_lead_III.pkl,500,161
161_lead_V1.pkl,161_lead_V1.pkl,500,161
161_lead_V2.pkl,161_lead_V2.pkl,500,161
161_lead_V3.pkl,161_lead_V3.pkl,500,161
161_lead_V4.pkl,161_lead_V4.pkl,500,161
161_lead_V5.pkl,161_lead_V5.pkl,500,161
161_lead_V6.pkl,161_lead_V6.pkl,500,161
161_lead_aVF.pkl,161_lead_aVF.pkl,500,161
161_lead_aVL.pkl,161_lead_aVL.pkl,500,161
161_lead_aVR.pkl,161_lead_aVR.pkl,500,161
164_lead_I.pkl,164_lead_I.pkl,500,164
164_lead_II.pkl,164_lead_II.pkl,500,164
164_lead_III.pkl,164_lead_III.pkl,500,164
164_lead_V1.pkl,164_lead_V1.pkl,500,164
164_lead_V2.pkl,164_lead_V2.pkl,500,164
164_lead_V3.pkl,164_lead_V3.pkl,500,164
164_lead_V4.pkl,164_lead_V4.pkl,500,164
164_lead_V5.pkl,164_lead_V5.pkl,500,164
164_lead_V6.pkl,164_lead_V6.pkl,500,164
164_lead_aVF.pkl,164_lead_aVF.pkl,500,164
164_lead_aVL.pkl,164_lead_aVL.pkl,500,164
164_lead_aVR.pkl,164_lead_aVR.pkl,500,164
165_lead_I.pkl,165_lead_I.pkl,500,165
165_lead_II.pkl,165_lead_II.pkl,500,165
165_lead_III.pkl,165_lead_III.pkl,500,165
165_lead_V1.pkl,165_lead_V1.pkl,500,165
165_lead_V2.pkl,165_lead_V2.pkl,500,165
165_lead_V3.pkl,165_lead_V3.pkl,500,165
165_lead_V4.pkl,165_lead_V4.pkl,500,165
165_lead_V5.pkl,165_lead_V5.pkl,500,165
165_lead_V6.pkl,165_lead_V6.pkl,500,165
165_lead_aVF.pkl,165_lead_aVF.pkl,500,165
165_lead_aVL.pkl,165_lead_aVL.pkl,500,165
165_lead_aVR.pkl,165_lead_aVR.pkl,500,165
166_lead_I.pkl,166_lead_I.pkl,500,166
166_lead_II.pkl,166_lead_II.pkl,500,166
166_lead_III.pkl,166_lead_III.pkl,500,166
166_lead_V1.pkl,166_lead_V1.pkl,500,166
166_lead_V2.pkl,166_lead_V2.pkl,500,166
166_lead_V3.pkl,166_lead_V3.pkl,500,166
166_lead_V4.pkl,166_lead_V4.pkl,500,166
166_lead_V5.pkl,166_lead_V5.pkl,500,166
166_lead_V6.pkl,166_lead_V6.pkl,500,166
166_lead_aVF.pkl,166_lead_aVF.pkl,500,166
166_lead_aVL.pkl,166_lead_aVL.pkl,500,166
166_lead_aVR.pkl,166_lead_aVR.pkl,500,166
167_lead_I.pkl,167_lead_I.pkl,500,167
167_lead_II.pkl,167_lead_II.pkl,500,167
167_lead_III.pkl,167_lead_III.pkl,500,167
167_lead_V1.pkl,167_lead_V1.pkl,500,167
167_lead_V2.pkl,167_lead_V2.pkl,500,167
167_lead_V3.pkl,167_lead_V3.pkl,500,167
167_lead_V4.pkl,167_lead_V4.pkl,500,167
167_lead_V5.pkl,167_lead_V5.pkl,500,167
167_lead_V6.pkl,167_lead_V6.pkl,500,167
167_lead_aVF.pkl,167_lead_aVF.pkl,500,167
167_lead_aVL.pkl,167_lead_aVL.pkl,500,167
167_lead_aVR.pkl,167_lead_aVR.pkl,500,167
17_lead_I.pkl,17_lead_I.pkl,500,17
17_lead_II.pkl,17_lead_II.pkl,500,17
17_lead_III.pkl,17_lead_III.pkl,500,17
17_lead_V1.pkl,17_lead_V1.pkl,500,17
17_lead_V2.pkl,17_lead_V2.pkl,500,17
17_lead_V3.pkl,17_lead_V3.pkl,500,17
17_lead_V4.pkl,17_lead_V4.pkl,500,17
17_lead_V5.pkl,17_lead_V5.pkl,500,17
17_lead_V6.pkl,17_lead_V6.pkl,500,17
17_lead_aVF.pkl,17_lead_aVF.pkl,500,17
17_lead_aVL.pkl,17_lead_aVL.pkl,500,17
17_lead_aVR.pkl,17_lead_aVR.pkl,500,17
178_lead_I.pkl,178_lead_I.pkl,500,178
178_lead_II.pkl,178_lead_II.pkl,500,178
178_lead_III.pkl,178_lead_III.pkl,500,178
178_lead_V1.pkl,178_lead_V1.pkl,500,178
178_lead_V2.pkl,178_lead_V2.pkl,500,178
178_lead_V3.pkl,178_lead_V3.pkl,500,178
178_lead_V4.pkl,178_lead_V4.pkl,500,178
178_lead_V5.pkl,178_lead_V5.pkl,500,178
178_lead_V6.pkl,178_lead_V6.pkl,500,178
178_lead_aVF.pkl,178_lead_aVF.pkl,500,178
178_lead_aVL.pkl,178_lead_aVL.pkl,500,178
178_lead_aVR.pkl,178_lead_aVR.pkl,500,178
182_lead_I.pkl,182_lead_I.pkl,500,182
182_lead_II.pkl,182_lead_II.pkl,500,182
182_lead_III.pkl,182_lead_III.pkl,500,182
182_lead_V1.pkl,182_lead_V1.pkl,500,182
182_lead_V2.pkl,182_lead_V2.pkl,500,182
182_lead_V3.pkl,182_lead_V3.pkl,500,182
182_lead_V4.pkl,182_lead_V4.pkl,500,182
182_lead_V5.pkl,182_lead_V5.pkl,500,182
182_lead_V6.pkl,182_lead_V6.pkl,500,182
182_lead_aVF.pkl,182_lead_aVF.pkl,500,182
182_lead_aVL.pkl,182_lead_aVL.pkl,500,182
182_lead_aVR.pkl,182_lead_aVR.pkl,500,182
19_lead_I.pkl,19_lead_I.pkl,500,19
19_lead_II.pkl,19_lead_II.pkl,500,19
19_lead_III.pkl,19_lead_III.pkl,500,19
19_lead_V1.pkl,19_lead_V1.pkl,500,19
19_lead_V2.pkl,19_lead_V2.pkl,500,19
19_lead_V3.pkl,19_lead_V3.pkl,500,19
19_lead_V4.pkl,19_lead_V4.pkl,500,19
19_lead_V5.pkl,19_lead_V5.pkl,500,19
19_lead_V6.pkl,19_lead_V6.pkl,500,19
19_lead_aVF.pkl,19_lead_aVF.pkl,500,19
19_lead_aVL.pkl,19_lead_aVL.pkl,500,19
19_lead_aVR.pkl,19_lead_aVR.pkl,500,19
191_lead_I.pkl,191_lead_I.pkl,500,191
191_lead_II.pkl,191_lead_II.pkl,500,191
191_lead_III.pkl,191_lead_III.pkl,500,191
191_lead_V1.pkl,191_lead_V1.pkl,500,191
191_lead_V2.pkl,191_lead_V2.pkl,500,191
191_lead_V3.pkl,191_lead_V3.pkl,500,191
191_lead_V4.pkl,191_lead_V4.pkl,500,191
191_lead_V5.pkl,191_lead_V5.pkl,500,191
191_lead_V6.pkl,191_lead_V6.pkl,500,191
191_lead_aVF.pkl,191_lead_aVF.pkl,500,191
191_lead_aVL.pkl,191_lead_aVL.pkl,500,191
191_lead_aVR.pkl,191_lead_aVR.pkl,500,191
193_lead_I.pkl,193_lead_I.pkl,500,193
193_lead_II.pkl,193_lead_II.pkl,500,193
193_lead_III.pkl,193_lead_III.pkl,500,193
193_lead_V1.pkl,193_lead_V1.pkl,500,193
193_lead_V2.pkl,193_lead_V2.pkl,500,193
193_lead_V3.pkl,193_lead_V3.pkl,500,193
193_lead_V4.pkl,193_lead_V4.pkl,500,193
193_lead_V5.pkl,193_lead_V5.pkl,500,193
193_lead_V6.pkl,193_lead_V6.pkl,500,193
193_lead_aVF.pkl,193_lead_aVF.pkl,500,193
193_lead_aVL.pkl,193_lead_aVL.pkl,500,193
193_lead_aVR.pkl,193_lead_aVR.pkl,500,193
195_lead_I.pkl,195_lead_I.pkl,500,195
195_lead_II.pkl,195_lead_II.pkl,500,195
195_lead_III.pkl,195_lead_III.pkl,500,195
195_lead_V1.pkl,195_lead_V1.pkl,500,195
195_lead_V2.pkl,195_lead_V2.pkl,500,195
195_lead_V3.pkl,195_lead_V3.pkl,500,195
195_lead_V4.pkl,195_lead_V4.pkl,500,195
195_lead_V5.pkl,195_lead_V5.pkl,500,195
195_lead_V6.pkl,195_lead_V6.pkl,500,195
195_lead_aVF.pkl,195_lead_aVF.pkl,500,195
195_lead_aVL.pkl,195_lead_aVL.pkl,500,195
195_lead_aVR.pkl,195_lead_aVR.pkl,500,195
197_lead_I.pkl,197_lead_I.pkl,500,197
197_lead_II.pkl,197_lead_II.pkl,500,197
197_lead_III.pkl,197_lead_III.pkl,500,197
197_lead_V1.pkl,197_lead_V1.pkl,500,197
197_lead_V2.pkl,197_lead_V2.pkl,500,197
197_lead_V3.pkl,197_lead_V3.pkl,500,197
197_lead_V4.pkl,197_lead_V4.pkl,500,197
197_lead_V5.pkl,197_lead_V5.pkl,500,197
197_lead_V6.pkl,197_lead_V6.pkl,500,197
197_lead_aVF.pkl,197_lead_aVF.pkl,500,197
197_lead_aVL.pkl,197_lead_aVL.pkl,500,197
197_lead_aVR.pkl,197_lead_aVR.pkl,500,197
199_lead_I.pkl,199_lead_I.pkl,500,199
199_lead_II.pkl,199_lead_II.pkl,500,199
199_lead_III.pkl,199_lead_III.pkl,500,199
199_lead_V1.pkl,199_lead_V1.pkl,500,199
199_lead_V2.pkl,199_lead_V2.pkl,500,199
199_lead_V3.pkl,199_lead_V3.pkl,500,199
199_lead_V4.pkl,199_lead_V4.pkl,500,199
199_lead_V5.pkl,199_lead_V5.pkl,500,199
199_lead_V6.pkl,199_lead_V6.pkl,500,199
199_lead_aVF.pkl,199_lead_aVF.pkl,500,199
199_lead_aVL.pkl,199_lead_aVL.pkl,500,199
199_lead_aVR.pkl,199_lead_aVR.pkl,500,199
2_lead_I.pkl,2_lead_I.pkl,500,2
2_lead_II.pkl,2_lead_II.pkl,500,2
2_lead_III.pkl,2_lead_III.pkl,500,2
2_lead_V1.pkl,2_lead_V1.pkl,500,2
2_lead_V2.pkl,2_lead_V2.pkl,500,2
2_lead_V3.pkl,2_lead_V3.pkl,500,2
2_lead_V4.pkl,2_lead_V4.pkl,500,2
2_lead_V5.pkl,2_lead_V5.pkl,500,2
2_lead_V6.pkl,2_lead_V6.pkl,500,2
2_lead_aVF.pkl,2_lead_aVF.pkl,500,2
2_lead_aVL.pkl,2_lead_aVL.pkl,500,2
2_lead_aVR.pkl,2_lead_aVR.pkl,500,2
25_lead_I.pkl,25_lead_I.pkl,500,25
25_lead_II.pkl,25_lead_II.pkl,500,25
25_lead_III.pkl,25_lead_III.pkl,500,25
25_lead_V1.pkl,25_lead_V1.pkl,500,25
25_lead_V2.pkl,25_lead_V2.pkl,500,25
25_lead_V3.pkl,25_lead_V3.pkl,500,25
25_lead_V4.pkl,25_lead_V4.pkl,500,25
25_lead_V5.pkl,25_lead_V5.pkl,500,25
25_lead_V6.pkl,25_lead_V6.pkl,500,25
25_lead_aVF.pkl,25_lead_aVF.pkl,500,25
25_lead_aVL.pkl,25_lead_aVL.pkl,500,25
25_lead_aVR.pkl,25_lead_aVR.pkl,500,25
26_lead_I.pkl,26_lead_I.pkl,500,26
26_lead_II.pkl,26_lead_II.pkl,500,26
26_lead_III.pkl,26_lead_III.pkl,500,26
26_lead_V1.pkl,26_lead_V1.pkl,500,26
26_lead_V2.pkl,26_lead_V2.pkl,500,26
26_lead_V3.pkl,26_lead_V3.pkl,500,26
26_lead_V4.pkl,26_lead_V4.pkl,500,26
26_lead_V5.pkl,26_lead_V5.pkl,500,26
26_lead_V6.pkl,26_lead_V6.pkl,500,26
26_lead_aVF.pkl,26_lead_aVF.pkl,500,26
26_lead_aVL.pkl,26_lead_aVL.pkl,500,26
26_lead_aVR.pkl,26_lead_aVR.pkl,500,26
28_lead_I.pkl,28_lead_I.pkl,500,28
28_lead_II.pkl,28_lead_II.pkl,500,28
28_lead_III.pkl,28_lead_III.pkl,500,28
28_lead_V1.pkl,28_lead_V1.pkl,500,28
28_lead_V2.pkl,28_lead_V2.pkl,500,28
28_lead_V3.pkl,28_lead_V3.pkl,500,28
28_lead_V4.pkl,28_lead_V4.pkl,500,28
28_lead_V5.pkl,28_lead_V5.pkl,500,28
28_lead_V6.pkl,28_lead_V6.pkl,500,28
28_lead_aVF.pkl,28_lead_aVF.pkl,500,28
28_lead_aVL.pkl,28_lead_aVL.pkl,500,28
28_lead_aVR.pkl,28_lead_aVR.pkl,500,28
30_lead_I.pkl,30_lead_I.pkl,500,30
30_lead_II.pkl,30_lead_II.pkl,500,30
30_lead_III.pkl,30_lead_III.pkl,500,30
30_lead_V1.pkl,30_lead_V1.pkl,500,30
30_lead_V2.pkl,30_lead_V2.pkl,500,30
30_lead_V3.pkl,30_lead_V3.pkl,500,30
30_lead_V4.pkl,30_lead_V4.pkl,500,30
30_lead_V5.pkl,30_lead_V5.pkl,500,30
30_lead_V6.pkl,30_lead_V6.pkl,500,30
30_lead_aVF.pkl,30_lead_aVF.pkl,500,30
30_lead_aVL.pkl,30_lead_aVL.pkl,500,30
30_lead_aVR.pkl,30_lead_aVR.pkl,500,30
32_lead_I.pkl,32_lead_I.pkl,500,32
32_lead_II.pkl,32_lead_II.pkl,500,32
32_lead_III.pkl,32_lead_III.pkl,500,32
32_lead_V1.pkl,32_lead_V1.pkl,500,32
32_lead_V2.pkl,32_lead_V2.pkl,500,32
32_lead_V3.pkl,32_lead_V3.pkl,500,32
32_lead_V4.pkl,32_lead_V4.pkl,500,32
32_lead_V5.pkl,32_lead_V5.pkl,500,32
32_lead_V6.pkl,32_lead_V6.pkl,500,32
32_lead_aVF.pkl,32_lead_aVF.pkl,500,32
32_lead_aVL.pkl,32_lead_aVL.pkl,500,32
32_lead_aVR.pkl,32_lead_aVR.pkl,500,32
37_lead_I.pkl,37_lead_I.pkl,500,37
37_lead_II.pkl,37_lead_II.pkl,500,37
37_lead_III.pkl,37_lead_III.pkl,500,37
37_lead_V1.pkl,37_lead_V1.pkl,500,37
37_lead_V2.pkl,37_lead_V2.pkl,500,37
37_lead_V3.pkl,37_lead_V3.pkl,500,37
37_lead_V4.pkl,37_lead_V4.pkl,500,37
37_lead_V5.pkl,37_lead_V5.pkl,500,37
37_lead_V6.pkl,37_lead_V6.pkl,500,37
37_lead_aVF.pkl,37_lead_aVF.pkl,500,37
37_lead_aVL.pkl,37_lead_aVL.pkl,500,37
37_lead_aVR.pkl,37_lead_aVR.pkl,500,37
42_lead_I.pkl,42_lead_I.pkl,500,42
42_lead_II.pkl,42_lead_II.pkl,500,42
42_lead_III.pkl,42_lead_III.pkl,500,42
42_lead_V1.pkl,42_lead_V1.pkl,500,42
42_lead_V2.pkl,42_lead_V2.pkl,500,42
42_lead_V3.pkl,42_lead_V3.pkl,500,42
42_lead_V4.pkl,42_lead_V4.pkl,500,42
42_lead_V5.pkl,42_lead_V5.pkl,500,42
42_lead_V6.pkl,42_lead_V6.pkl,500,42
42_lead_aVF.pkl,42_lead_aVF.pkl,500,42
42_lead_aVL.pkl,42_lead_aVL.pkl,500,42
42_lead_aVR.pkl,42_lead_aVR.pkl,500,42
47_lead_I.pkl,47_lead_I.pkl,500,47
47_lead_II.pkl,47_lead_II.pkl,500,47
47_lead_III.pkl,47_lead_III.pkl,500,47
47_lead_V1.pkl,47_lead_V1.pkl,500,47
47_lead_V2.pkl,47_lead_V2.pkl,500,47
47_lead_V3.pkl,47_lead_V3.pkl,500,47
47_lead_V4.pkl,47_lead_V4.pkl,500,47
47_lead_V5.pkl,47_lead_V5.pkl,500,47
47_lead_V6.pkl,47_lead_V6.pkl,500,47
47_lead_aVF.pkl,47_lead_aVF.pkl,500,47
47_lead_aVL.pkl,47_lead_aVL.pkl,500,47
47_lead_aVR.pkl,47_lead_aVR.pkl,500,47
48_lead_I.pkl,48_lead_I.pkl,500,48
48_lead_II.pkl,48_lead_II.pkl,500,48
48_lead_III.pkl,48_lead_III.pkl,500,48
48_lead_V1.pkl,48_lead_V1.pkl,500,48
48_lead_V2.pkl,48_lead_V2.pkl,500,48
48_lead_V3.pkl,48_lead_V3.pkl,500,48
48_lead_V4.pkl,48_lead_V4.pkl,500,48
48_lead_V5.pkl,48_lead_V5.pkl,500,48
48_lead_V6.pkl,48_lead_V6.pkl,500,48
48_lead_aVF.pkl,48_lead_aVF.pkl,500,48
48_lead_aVL.pkl,48_lead_aVL.pkl,500,48
48_lead_aVR.pkl,48_lead_aVR.pkl,500,48
5_lead_I.pkl,5_lead_I.pkl,500,5
5_lead_II.pkl,5_lead_II.pkl,500,5
5_lead_III.pkl,5_lead_III.pkl,500,5
5_lead_V1.pkl,5_lead_V1.pkl,500,5
5_lead_V2.pkl,5_lead_V2.pkl,500,5
5_lead_V3.pkl,5_lead_V3.pkl,500,5
5_lead_V4.pkl,5_lead_V4.pkl,500,5
5_lead_V5.pkl,5_lead_V5.pkl,500,5
5_lead_V6.pkl,5_lead_V6.pkl,500,5
5_lead_aVF.pkl,5_lead_aVF.pkl,500,5
5_lead_aVL.pkl,5_lead_aVL.pkl,500,5
5_lead_aVR.pkl,5_lead_aVR.pkl,500,5
50_lead_I.pkl,50_lead_I.pkl,500,50
50_lead_II.pkl,50_lead_II.pkl,500,50
50_lead_III.pkl,50_lead_III.pkl,500,50
50_lead_V1.pkl,50_lead_V1.pkl,500,50
50_lead_V2.pkl,50_lead_V2.pkl,500,50
50_lead_V3.pkl,50_lead_V3.pkl,500,50
50_lead_V4.pkl,50_lead_V4.pkl,500,50
50_lead_V5.pkl,50_lead_V5.pkl,500,50
50_lead_V6.pkl,50_lead_V6.pkl,500,50
50_lead_aVF.pkl,50_lead_aVF.pkl,500,50
50_lead_aVL.pkl,50_lead_aVL.pkl,500,50
50_lead_aVR.pkl,50_lead_aVR.pkl,500,50
53_lead_I.pkl,53_lead_I.pkl,500,53
53_lead_II.pkl,53_lead_II.pkl,500,53
53_lead_III.pkl,53_lead_III.pkl,500,53
53_lead_V1.pkl,53_lead_V1.pkl,500,53
53_lead_V2.pkl,53_lead_V2.pkl,500,53
53_lead_V3.pkl,53_lead_V3.pkl,500,53
53_lead_V4.pkl,53_lead_V4.pkl,500,53
53_lead_V5.pkl,53_lead_V5.pkl,500,53
53_lead_V6.pkl,53_lead_V6.pkl,500,53
53_lead_aVF.pkl,53_lead_aVF.pkl,500,53
53_lead_aVL.pkl,53_lead_aVL.pkl,500,53
53_lead_aVR.pkl,53_lead_aVR.pkl,500,53
58_lead_I.pkl,58_lead_I.pkl,500,58
58_lead_II.pkl,58_lead_II.pkl,500,58
58_lead_III.pkl,58_lead_III.pkl,500,58
58_lead_V1.pkl,58_lead_V1.pkl,500,58
58_lead_V2.pkl,58_lead_V2.pkl,500,58
58_lead_V3.pkl,58_lead_V3.pkl,500,58
58_lead_V4.pkl,58_lead_V4.pkl,500,58
58_lead_V5.pkl,58_lead_V5.pkl,500,58
58_lead_V6.pkl,58_lead_V6.pkl,500,58
58_lead_aVF.pkl,58_lead_aVF.pkl,500,58
58_lead_aVL.pkl,58_lead_aVL.pkl,500,58
58_lead_aVR.pkl,58_lead_aVR.pkl,500,58
68_lead_I.pkl,68_lead_I.pkl,500,68
68_lead_II.pkl,68_lead_II.pkl,500,68
68_lead_III.pkl,68_lead_III.pkl,500,68
68_lead_V1.pkl,68_lead_V1.pkl,500,68
68_lead_V2.pkl,68_lead_V2.pkl,500,68
68_lead_V3.pkl,68_lead_V3.pkl,500,68
68_lead_V4.pkl,68_lead_V4.pkl,500,68
68_lead_V5.pkl,68_lead_V5.pkl,500,68
68_lead_V6.pkl,68_lead_V6.pkl,500,68
68_lead_aVF.pkl,68_lead_aVF.pkl,500,68
68_lead_aVL.pkl,68_lead_aVL.pkl,500,68
68_lead_aVR.pkl,68_lead_aVR.pkl,500,68
72_lead_I.pkl,72_lead_I.pkl,500,72
72_lead_II.pkl,72_lead_II.pkl,500,72
72_lead_III.pkl,72_lead_III.pkl,500,72
72_lead_V1.pkl,72_lead_V1.pkl,500,72
72_lead_V2.pkl,72_lead_V2.pkl,500,72
72_lead_V3.pkl,72_lead_V3.pkl,500,72
72_lead_V4.pkl,72_lead_V4.pkl,500,72
72_lead_V5.pkl,72_lead_V5.pkl,500,72
72_lead_V6.pkl,72_lead_V6.pkl,500,72
72_lead_aVF.pkl,72_lead_aVF.pkl,500,72
72_lead_aVL.pkl,72_lead_aVL.pkl,500,72
72_lead_aVR.pkl,72_lead_aVR.pkl,500,72
73_lead_I.pkl,73_lead_I.pkl,500,73
73_lead_II.pkl,73_lead_II.pkl,500,73
73_lead_III.pkl,73_lead_III.pkl,500,73
73_lead_V1.pkl,73_lead_V1.pkl,500,73
73_lead_V2.pkl,73_lead_V2.pkl,500,73
73_lead_V3.pkl,73_lead_V3.pkl,500,73
73_lead_V4.pkl,73_lead_V4.pkl,500,73
73_lead_V5.pkl,73_lead_V5.pkl,500,73
73_lead_V6.pkl,73_lead_V6.pkl,500,73
73_lead_aVF.pkl,73_lead_aVF.pkl,500,73
73_lead_aVL.pkl,73_lead_aVL.pkl,500,73
73_lead_aVR.pkl,73_lead_aVR.pkl,500,73
75_lead_I.pkl,75_lead_I.pkl,500,75
75_lead_II.pkl,75_lead_II.pkl,500,75
75_lead_III.pkl,75_lead_III.pkl,500,75
75_lead_V1.pkl,75_lead_V1.pkl,500,75
75_lead_V2.pkl,75_lead_V2.pkl,500,75
75_lead_V3.pkl,75_lead_V3.pkl,500,75
75_lead_V4.pkl,75_lead_V4.pkl,500,75
75_lead_V5.pkl,75_lead_V5.pkl,500,75
75_lead_V6.pkl,75_lead_V6.pkl,500,75
75_lead_aVF.pkl,75_lead_aVF.pkl,500,75
75_lead_aVL.pkl,75_lead_aVL.pkl,500,75
75_lead_aVR.pkl,75_lead_aVR.pkl,500,75
78_lead_I.pkl,78_lead_I.pkl,500,78
78_lead_II.pkl,78_lead_II.pkl,500,78
78_lead_III.pkl,78_lead_III.pkl,500,78
78_lead_V1.pkl,78_lead_V1.pkl,500,78
78_lead_V2.pkl,78_lead_V2.pkl,500,78
78_lead_V3.pkl,78_lead_V3.pkl,500,78
78_lead_V4.pkl,78_lead_V4.pkl,500,78
78_lead_V5.pkl,78_lead_V5.pkl,500,78
78_lead_V6.pkl,78_lead_V6.pkl,500,78
78_lead_aVF.pkl,78_lead_aVF.pkl,500,78
78_lead_aVL.pkl,78_lead_aVL.pkl,500,78
78_lead_aVR.pkl,78_lead_aVR.pkl,500,78
79_lead_I.pkl,79_lead_I.pkl,500,79
79_lead_II.pkl,79_lead_II.pkl,500,79
79_lead_III.pkl,79_lead_III.pkl,500,79
79_lead_V1.pkl,79_lead_V1.pkl,500,79
79_lead_V2.pkl,79_lead_V2.pkl,500,79
79_lead_V3.pkl,79_lead_V3.pkl,500,79
79_lead_V4.pkl,79_lead_V4.pkl,500,79
79_lead_V5.pkl,79_lead_V5.pkl,500,79
79_lead_V6.pkl,79_lead_V6.pkl,500,79
79_lead_aVF.pkl,79_lead_aVF.pkl,500,79
79_lead_aVL.pkl,79_lead_aVL.pkl,500,79
79_lead_aVR.pkl,79_lead_aVR.pkl,500,79
88_lead_I.pkl,88_lead_I.pkl,500,88
88_lead_II.pkl,88_lead_II.pkl,500,88
88_lead_III.pkl,88_lead_III.pkl,500,88
88_lead_V1.pkl,88_lead_V1.pkl,500,88
88_lead_V2.pkl,88_lead_V2.pkl,500,88
88_lead_V3.pkl,88_lead_V3.pkl,500,88
88_lead_V4.pkl,88_lead_V4.pkl,500,88
88_lead_V5.pkl,88_lead_V5.pkl,500,88
88_lead_V6.pkl,88_lead_V6.pkl,500,88
88_lead_aVF.pkl,88_lead_aVF.pkl,500,88
88_lead_aVL.pkl,88_lead_aVL.pkl,500,88
88_lead_aVR.pkl,88_lead_aVR.pkl,500,88
9_lead_I.pkl,9_lead_I.pkl,500,9
9_lead_II.pkl,9_lead_II.pkl,500,9
9_lead_III.pkl,9_lead_III.pkl,500,9
9_lead_V1.pkl,9_lead_V1.pkl,500,9
9_lead_V2.pkl,9_lead_V2.pkl,500,9
9_lead_V3.pkl,9_lead_V3.pkl,500,9
9_lead_V4.pkl,9_lead_V4.pkl,500,9
9_lead_V5.pkl,9_lead_V5.pkl,500,9
9_lead_V6.pkl,9_lead_V6.pkl,500,9
9_lead_aVF.pkl,9_lead_aVF.pkl,500,9
9_lead_aVL.pkl,9_lead_aVL.pkl,500,9
9_lead_aVR.pkl,9_lead_aVR.pkl,500,9
95_lead_I.pkl,95_lead_I.pkl,500,95
95_lead_V2.pkl,95_lead_V2.pkl,500,95
95_lead_aVL.pkl,95_lead_aVL.pkl,500,95
