model_id,architecture_family,ptb_n_obs,qrs_error_mean_ms,qrs_error_median_ms,qrs_error_iqr_ms,sokolow_error_mean_mv,sokolow_error_median_mv,r_v3_mean,r_chest_mean,concord_conduction_delay_rate,concord_sokolow_lvh_rate,concord_arrhythmia_rate,concord_conduction_rate,concord_infarct_rate,concord_shd_rate,concord_lvef_45_rate,concord_lvwt_13_rate,concord_pasp_45_rate
D0_current_id_currentloss_s42_l0,Ansari 3DRECON-QT (D-Series),2198,10.317561419472247,8.0,10.0,0.6568454661837917,0.4802093952894211,0.6609825680722072,0.719087825356035,0.9440400363967243,0.8908098271155596,0.859417652411283,0.8334849863512284,0.7579617834394905,0.429,0.22,0.289,0.285
D1_theta_mul_currentloss_s42_l0,Ansari 3DRECON-QT (D-Series),2198,10.92356687898089,8.0,12.0,0.6154819728299853,0.4760282039642334,0.6621702785542635,0.7261423933598242,0.9390354868061874,0.8926296633303002,0.859417652411283,0.8334849863512284,0.7579617834394905,0.454,0.373,0.263,0.538
D2_current_id_l1_s42_l0,Ansari 3DRECON-QT (D-Series),2198,10.21383075523203,8.0,10.0,0.640991983899645,0.46512311697006226,0.6600169176438119,0.7288058985160014,0.943130118289354,0.8912647861692448,0.8598726114649682,0.8334849863512284,0.7579617834394905,0.465,0.333,0.347,0.276
D3_theta_mul_l1_s42_l0,Ansari 3DRECON-QT (D-Series),2198,10.361237488626024,8.0,10.0,0.6227886017252631,0.4508449584245682,0.6791855979764735,0.7381908121518754,0.9444949954504095,0.8935395814376706,0.8598726114649682,0.8334849863512284,0.7579617834394905,0.432,0.234,0.236,0.3
D4_learned12_mul_l1_s42_l0,Ansari 3DRECON-QT (D-Series),2198,10.058234758871702,8.0,10.0,0.6075624849332041,0.46096673607826233,0.6725012518552208,0.7335093044140495,0.9481346678798908,0.8912647861692448,0.8598726114649682,0.8334849863512284,0.7579617834394905,0.473,0.354,0.314,0.362
D5_permuted_theta_mul_l1_s42_l0,Ansari 3DRECON-QT (D-Series),2198,9.929026387625115,8.0,10.0,0.6286155472698539,0.4714720845222473,0.6748759439674263,0.7354324488333364,0.9454049135577798,0.8903548680618745,0.8598726114649682,0.8334849863512284,0.7579617834394905,0.462,0.32,0.281,0.349
D6_theta_add_l1_s42_l0,Ansari 3DRECON-QT (D-Series),2198,9.864422202001819,8.0,10.0,0.6358706178948677,0.4776015281677246,0.6738389095279208,0.7348228436851064,0.9449499545040946,0.8908098271155596,0.8598726114649682,0.8334849863512284,0.7579617834394905,0.468,0.316,0.304,0.356
D7_learned12_add_l1_s42_l0,Ansari 3DRECON-QT (D-Series),2198,10.117379435850774,8.0,10.0,0.618739977736599,0.45986542105674744,0.6711175508135752,0.7328660541761993,0.9394904458598726,0.8926296633303002,0.8598726114649682,0.8334849863512284,0.7579617834394905,0.5,0.428,0.331,0.478
D8_random12_mul_l1_s42_l0,Ansari 3DRECON-QT (D-Series),2198,10.579617834394904,8.0,10.0,0.6198994134695992,0.4562506377696991,0.6788073144499844,0.7377126973424815,0.9426751592356688,0.8939945404913557,0.8598726114649682,0.8334849863512284,0.7579617834394905,0.501,0.42,0.356,0.421
conv15e_A0_raw_s42_l0,Wavelet / MTL / SSL,2198,9.924476797088262,8.0,10.0,0.6978101451712592,0.5581251829862595,0.737715462563573,0.775162249412067,0.9472247497725205,0.8926296633303002,0.859417652411283,0.8334849863512284,0.7579617834394905,0.703,0.803,0.688,0.754
conv15e_A0_wave_noSSL_gated_add_s42_l0,Wavelet / MTL / SSL,2198,10.049135577797998,8.0,10.0,0.718414597460717,0.5772804766893387,0.7388696855736133,0.7764468172101626,0.943130118289354,0.8926296633303002,0.859417652411283,0.8334849863512284,0.7579617834394905,0.716,0.808,0.702,0.769
conv15e_A0_zscore_s42_l0,Wavelet / MTL / SSL,2198,10.021838034576888,8.0,10.0,0.6957574109186684,0.5458198487758636,0.7366619239827352,0.7738585674715656,0.9449499545040946,0.89171974522293,0.8598726114649682,0.8334849863512284,0.7579617834394905,0.714,0.81,0.689,0.76
conv15e_C1_E1_morlet_mag_morlet_phase_s42_l0,Wavelet / MTL / SSL,2198,11.656050955414013,8.0,12.0,0.839542361378019,0.6664254665374756,0.5717616855742457,0.5317129763551776,0.9444949954504095,0.8821656050955414,0.859417652411283,0.8334849863512284,0.7579617834394905,0.509,0.481,0.544,0.281
conv15e_R5_morlet_mag_ueg_phase_wyatt_s42_l0,Wavelet / MTL / SSL,2198,9.959053685168335,8.0,10.0,0.7207664253378289,0.5683864951133728,0.7383965249499602,0.7758201630802031,0.9476797088262057,0.8935395814376706,0.8598726114649682,0.8334849863512284,0.7579617834394905,0.732,0.798,0.711,0.773
conv15e_R7_morlet_mag_ueg_real_s42_l0,Wavelet / MTL / SSL,2198,10.13466787989081,8.0,10.0,0.7313015622114788,0.5934107005596161,0.7396366732732924,0.7766627786359527,0.9417652411282984,0.8912647861692448,0.8598726114649682,0.8334849863512284,0.7579617834394905,0.722,0.811,0.707,0.789
conv15e_conv_control_s42_l0,Wavelet / MTL / SSL,2198,9.951774340309372,8.0,10.0,0.7264558279529227,0.5875226259231567,0.736371549729701,0.775809468875809,0.9454049135577798,0.8939945404913557,0.8598726114649682,0.8334849863512284,0.7579617834394905,0.703,0.807,0.699,0.766
conv15e_del_wave_ce_s42_l0,Wavelet / MTL / SSL,2198,9.757961783439491,8.0,8.0,0.7313076825820933,0.5910599380731583,0.7378290487625793,0.7761498950974647,0.9504094631483166,0.8939945404913557,0.8598726114649682,0.8334849863512284,0.7579617834394905,0.71,0.794,0.697,0.76
conv15e_ssl_log_magnitude_phase_sin_local_gated_add_s42_l0,Wavelet / MTL / SSL,2198,10.16105550500455,8.0,10.0,0.7239319816184272,0.5762530267238617,0.7381386355447368,0.7759627138384901,0.945859872611465,0.8912647861692448,0.8598726114649682,0.8334849863512284,0.7579617834394905,0.72,0.801,0.702,0.775
conv15e_ssl_log_magnitude_real_both_gated_add_s42_l0,Wavelet / MTL / SSL,2198,10.064604185623294,8.0,10.0,0.71520990325821,0.583471804857254,0.7381586587399513,0.7753676342027087,0.9476797088262057,0.8926296633303002,0.8598726114649682,0.8334849863512284,0.7579617834394905,0.71,0.808,0.71,0.765
conv15e_tf_sc16_cy4_s42_l0,Wavelet / MTL / SSL,2198,9.80891719745223,8.0,9.5,0.7053983420814922,0.5603354424238205,0.7391646634782024,0.7765595931953502,0.9472247497725205,0.892174704276615,0.8598726114649682,0.8334849863512284,0.7579617834394905,0.712,0.802,0.709,0.76
conv15e_tf_sc16_cy8_s42_l0,Wavelet / MTL / SSL,2198,10.02638762511374,8.0,10.0,0.7189912806223532,0.5782661139965057,0.736571421301375,0.7758315500722717,0.945859872611465,0.8894449499545041,0.859417652411283,0.8334849863512284,0.7579617834394905,0.722,0.804,0.704,0.764
factorial_ecg_aim_1100013_s42,Factorial Baseline,2198,11.308462238398544,8.0,12.0,0.9468146508340949,0.8064410388469696,0.44144675938727923,0.6475774959072121,0.9372156505914467,0.8885350318471338,0.859417652411283,0.8334849863512284,0.7579617834394905,0.72,0.829,0.746,0.748
factorial_ecg_aim_1100110_s42,Factorial Baseline,2198,11.24385805277525,8.0,12.0,0.9999030443235514,0.8622384294867516,0.44286968836686263,0.6162980493941849,0.9381255686988171,0.8898999090081893,0.8589626933575978,0.8334849863512284,0.7579617834394905,0.707,0.808,0.73,0.68
factorial_ecg_aim_1100111_s42,Factorial Baseline,2198,10.688808007279345,8.0,12.0,0.9363860521326561,0.7856631278991699,0.43624128746100255,0.5972707647826151,0.9417652411282984,0.8894449499545041,0.8598726114649682,0.8334849863512284,0.7579617834394905,0.728,0.806,0.712,0.717
factorial_ecg_aim_1101113_s42,Factorial Baseline,2198,22.13972602739726,20.0,24.0,1.6363149917912454,1.528212383389473,0.20677040862124493,0.419119364573956,0.8111919927206551,0.8898999090081893,0.8603275705186533,0.8334849863512284,0.7579617834394905,0.595,0.581,0.551,0.373
spatial_1lead_a0_1000000_s42_l0,Spatial / Geometry,2198,11.400363967242948,8.0,12.0,0.8264612253302804,0.6592729687690735,0.6414052193809183,0.699242415678343,0.9476797088262057,0.8912647861692448,0.859417652411283,0.8334849863512284,0.7579617834394905,0.714,0.812,0.693,0.712
spatial_1lead_a0_1010010_s42_l0,Spatial / Geometry,2198,9.83894449499545,8.0,10.0,0.7418518201706489,0.5945438742637634,0.6623305529271261,0.7248826038575427,0.9454049135577798,0.8808007279344859,0.8598726114649682,0.8334849863512284,0.7579617834394905,0.676,0.739,0.627,0.647
spatial_1lead_a0_1110000_s42_l0,Spatial / Geometry,2198,10.262056414922657,8.0,10.0,0.8022303898514564,0.6348061859607697,0.6932911468576344,0.7468332238346918,0.9426751592356688,0.8939945404913557,0.8598726114649682,0.8334849863512284,0.7579617834394905,0.698,0.773,0.649,0.663
spatial_1lead_b1_panorama_1000000_s42_l0,Spatial / Geometry,2198,11.210191082802547,8.0,12.0,0.8096402095456195,0.639987051486969,0.6464707452419436,0.7000183347453737,0.945859872611465,0.8903548680618745,0.8598726114649682,0.8334849863512284,0.7579617834394905,0.708,0.815,0.667,0.786
spatial_1lead_b1_panorama_1010010_s42_l0,Spatial / Geometry,2198,9.861692447679708,8.0,8.0,0.7426288085731189,0.5983675569295883,0.6634502203086793,0.7241749529031047,0.9426751592356688,0.8794358507734303,0.8598726114649682,0.8334849863512284,0.7579617834394905,0.655,0.723,0.611,0.611
spatial_1lead_b1_panorama_1110000_s42_l0,Spatial / Geometry,2198,10.111919927206552,8.0,10.0,0.7981413769806049,0.6320511996746063,0.680403080900102,0.73931612571013,0.945859872611465,0.892174704276615,0.859417652411283,0.8334849863512284,0.7579617834394905,0.693,0.767,0.65,0.685
spatial_1lead_c1_panorama_hybrid_1000000_s42_l0,Spatial / Geometry,2198,12.470427661510463,10.0,12.0,0.7882310455161621,0.6262433081865311,0.6449116613788766,0.7068691149118217,0.9467697907188353,0.8853503184713376,0.859417652411283,0.8334849863512284,0.7579617834394905,0.677,0.748,0.611,0.667
spatial_1lead_c1_panorama_hybrid_1010010_s42_l0,Spatial / Geometry,2198,9.898089171974522,8.0,10.0,0.7462708735643624,0.5995128452777863,0.6609227906367457,0.7241760889982638,0.948589626933576,0.8858052775250227,0.859417652411283,0.8334849863512284,0.7579617834394905,0.671,0.741,0.638,0.644
spatial_1lead_c1_panorama_hybrid_1110000_s42_l0,Spatial / Geometry,2198,10.224749772520473,8.0,10.0,0.8063518128970517,0.6491303145885468,0.6796575706518654,0.7384374000524414,0.9449499545040946,0.8930846223839854,0.8589626933575978,0.8334849863512284,0.7579617834394905,0.694,0.768,0.637,0.677
spatial_1lead_cm1_capacity_matched_1000000_s42_l0,Spatial / Geometry,2198,11.34758871701547,8.0,12.0,0.7911737937314115,0.6327046751976013,0.650836601942046,0.7104983414146251,0.9363057324840764,0.8880800727934486,0.8598726114649682,0.8334849863512284,0.7579617834394905,0.692,0.779,0.64,0.679
spatial_1lead_cm1_capacity_matched_1010010_s42_l0,Spatial / Geometry,2198,9.752502274795269,8.0,8.0,0.7450464919355237,0.6063186824321747,0.6634472836586983,0.7239393449277767,0.9472247497725205,0.87852593266606,0.8589626933575978,0.8334849863512284,0.7579617834394905,0.676,0.75,0.638,0.657
spatial_1lead_cm1_capacity_matched_1110000_s42_l0,Spatial / Geometry,2198,10.174704276615104,8.0,10.0,0.7861190566774441,0.6139216423034668,0.6807700655367175,0.7396189350453048,0.945859872611465,0.892174704276615,0.8598726114649682,0.8334849863512284,0.7579617834394905,0.713,0.804,0.675,0.722
spatial_1lead_d1_panorama_relative_1000000_s42_l0,Spatial / Geometry,2198,11.227479526842584,8.0,12.0,0.7744381794582262,0.6133622527122498,0.6542348051920374,0.7165774199539041,0.9417652411282984,0.8848953594176524,0.8598726114649682,0.8334849863512284,0.7579617834394905,0.708,0.777,0.667,0.708
spatial_1lead_d1_panorama_relative_1010010_s42_l0,Spatial / Geometry,2198,9.879890809827115,8.0,8.0,0.7473488622133173,0.5996728986501694,0.664150209241001,0.7262786810851666,0.9472247497725205,0.8848953594176524,0.859417652411283,0.8334849863512284,0.7579617834394905,0.678,0.748,0.642,0.656
spatial_1lead_d1_panorama_relative_1110000_s42_l0,Spatial / Geometry,2198,10.093721565059145,8.0,10.0,0.7880763738900016,0.6237468123435974,0.6806001299191915,0.7387714014951153,0.9394904458598726,0.8898999090081893,0.8598726114649682,0.8334849863512284,0.7579617834394905,0.682,0.767,0.632,0.672
spatial_1lead_e1_panorama_film_1000000_s42_l0,Spatial / Geometry,2198,11.037306642402184,8.0,12.0,0.7719709066652081,0.607336163520813,0.6556198317676213,0.7188743374204775,0.9435850773430391,0.8867151956323931,0.8589626933575978,0.8334849863512284,0.7579617834394905,0.699,0.749,0.63,0.663
spatial_1lead_e1_panorama_film_1010010_s42_l0,Spatial / Geometry,2198,9.984531392174704,8.0,10.0,0.7423497902651447,0.5905045568943024,0.6665899245515131,0.7276157563278455,0.9440400363967243,0.8817106460418562,0.8598726114649682,0.8334849863512284,0.7579617834394905,0.649,0.71,0.603,0.616
spatial_1lead_e1_panorama_film_1110000_s42_l0,Spatial / Geometry,2198,10.202001819836214,8.0,10.0,0.775300427708602,0.6194331347942352,0.6874363893757328,0.7442541955484345,0.9440400363967243,0.8880800727934486,0.8598726114649682,0.8334849863512284,0.7579617834394905,0.664,0.739,0.605,0.641
spatial_1lead_pa1_panorama_author_1000000_s42_l0,Spatial / Geometry,2198,11.210191082802547,8.0,12.0,0.7846687152452964,0.6294898241758347,0.6494740378759882,0.71048567084621,0.9454049135577798,0.8912647861692448,0.859417652411283,0.8334849863512284,0.7579617834394905,0.716,0.779,0.65,0.723
spatial_1lead_pa1_panorama_author_1010010_s42_l0,Spatial / Geometry,2198,9.731574158325751,8.0,8.0,0.734088239071889,0.5908163189888,0.6660811968847253,0.7279677322872088,0.9454049135577798,0.8826205641492265,0.859417652411283,0.8334849863512284,0.7579617834394905,0.676,0.744,0.634,0.65
spatial_1lead_pa1_panorama_author_1110000_s42_l0,Spatial / Geometry,2198,10.230209281164695,8.0,10.0,0.7885134873828691,0.6241685003042221,0.679935600311564,0.7396603618808488,0.948589626933576,0.8876251137397634,0.8598726114649682,0.8334849863512284,0.7579617834394905,0.692,0.775,0.647,0.673
spatial_1lead_pg1_permuted_geometry_1000000_s42_l0,Spatial / Geometry,2198,10.797998180163786,8.0,12.0,0.7846057640763171,0.6222223937511444,0.651418634809825,0.7151548638061788,0.9467697907188353,0.8848953594176524,0.859417652411283,0.8334849863512284,0.7579617834394905,0.691,0.78,0.637,0.692
spatial_1lead_pg1_permuted_geometry_1010010_s42_l0,Spatial / Geometry,2198,10.103730664240219,8.0,10.0,0.7405802017015094,0.5985539555549622,0.6610379762159664,0.7243208579834899,0.9440400363967243,0.8830755232029117,0.859417652411283,0.8334849863512284,0.7579617834394905,0.662,0.719,0.596,0.598
spatial_1lead_pg1_permuted_geometry_1110000_s42_l0,Spatial / Geometry,2198,10.192902638762511,8.0,10.0,0.8056650551627504,0.6420312225818634,0.6787421105635388,0.7385438805961219,0.9472247497725205,0.8930846223839854,0.8598726114649682,0.8334849863512284,0.7579617834394905,0.709,0.789,0.677,0.717
spatial_1lead_t000_exact_theta_1000000_s42_l0,Spatial / Geometry,2198,12.038216560509554,10.0,12.0,0.8164947681176434,0.6570728123188019,0.6424985525774107,0.6993626729298813,0.9385805277525022,0.8944494995450409,0.859417652411283,0.8334849863512284,0.7579617834394905,0.699,0.784,0.649,0.678
spatial_1lead_t000_exact_theta_1010010_s42_l0,Spatial / Geometry,2198,9.880800727934487,8.0,10.0,0.7376157497670214,0.5966512560844421,0.6641887219300603,0.7258382467556336,0.948589626933576,0.8789808917197452,0.8589626933575978,0.8334849863512284,0.7579617834394905,0.637,0.663,0.559,0.537
spatial_1lead_t000_exact_theta_1110000_s42_l0,Spatial / Geometry,2198,10.252047315741583,8.0,10.0,0.7949242997165427,0.6273880004882812,0.6790774797903034,0.7390219724951674,0.9454049135577798,0.89171974522293,0.8598726114649682,0.8334849863512284,0.7579617834394905,0.697,0.786,0.661,0.699
spatial_1lead_t111_exact_theta_1000000_s42_l0,Spatial / Geometry,2198,11.828025477707007,8.0,12.0,0.7957599003450967,0.6380956768989563,0.6271298597768047,0.6902843964185772,0.9413102820746133,0.8803457688808007,0.8598726114649682,0.8334849863512284,0.7579617834394905,0.733,0.819,0.705,0.764
spatial_1lead_t111_exact_theta_1010010_s42_l0,Spatial / Geometry,2198,10.058234758871702,8.0,10.0,0.7639543269236561,0.6019697487354279,0.6566065622082649,0.719497322523379,0.9399454049135578,0.8880800727934486,0.859417652411283,0.8334849863512284,0.7579617834394905,0.693,0.772,0.65,0.694
spatial_1lead_t111_exact_theta_1110000_s42_l0,Spatial / Geometry,2198,10.788898999090081,8.0,12.0,0.8887995315472671,0.7301821708679199,0.6458995372016284,0.715649102232494,0.9449499545040946,0.8903548680618745,0.859417652411283,0.8334849863512284,0.7579617834394905,0.723,0.833,0.73,0.752
