model_id,ecgfounder_macro_150_auroc,infarct_macro_auroc,conduction_macro_auroc,arrhythmia_macro_auroc,hypertrophy_macro_auroc,afib_auroc,lbbb_auroc,anterior_mi_auroc,lvh_auroc,qrs_duration_error_ms,sokolow_lyon_mae_mv,missing_lead_pearson_r,missing_lead_mae_mv,v3_r_presacan_r2,v3_r_presacan_slope,v3_r_var_ret_pct,v6_r_presacan_r2,v6_r_presacan_slope,v6_r_var_ret_pct,interlead_r2_real_I_V3,interlead_r2_recon_I_V3,spurious_coupling_ratio_v3,avg_precordial_var_ret_pct,mask
f_1000000_s42,0.8491756800174978,0.7995598071543573,0.8306680745524977,0.9557993027978396,0.8060148377124766,0.9775621237845347,0.982134227377069,0.5814014926358892,0.7606924643584521,16.83534523549272,0.5592294654417636,0.747724522339182,0.10723069548433165,0.8991725121352292,-0.8211562279265918,10.759653442655774,0.9266607173974691,-0.953334467042111,7.410708133053127,0.02068129191863738,0.00038448359835398195,0.01858998992309519,28.19420321274244,1000000
f_1000001_s42,0.8238754107196048,0.75727864088482,0.7881539906964992,0.9547469469729577,0.7857611806053509,0.9761633739774657,0.979159115621602,0.5169407568852784,0.734181071248281,20.510883773611067,0.5750949098039353,0.6080862017541588,0.11593791410725994,0.9291917985749307,-0.9101350684192335,7.119903458221155,0.9568559089189133,-0.9785860399456905,4.363758084275251,0.02068129191863738,1.7419402581693891e-06,8.422375358698419e-05,28.30718744955401,1000001
f_1000002_s42,0.837639419575075,0.7885841340431737,0.7985716941673464,0.9556417012957168,0.803453122901198,0.9779093995987035,0.9770221698683098,0.5766990291262136,0.7438704370985431,20.192352686808686,0.5536538498249931,0.685103796118264,0.111506690666648,0.9237536658919466,-0.8839847005908555,7.795844704412751,0.932419629673347,-0.9649349094250234,6.871424115442664,0.02068129191863738,0.00306474944110754,0.14818229300524524,29.275819194310525,1000002
f_1000003_s42,0.8489960418277736,0.8057979990034118,0.826155286917631,0.9550445129731991,0.8048033886501957,0.9765942532283789,0.9821719826023922,0.5882174228914867,0.7587667763329677,16.50181683384883,0.5389660626646448,0.7415880040481847,0.10850560803729199,0.9000668659072498,-0.8286355124623253,10.560208875405824,0.9203964327052028,-0.9538182715692706,8.081719576331825,0.02068129191863738,0.00012782910614365703,0.006180606416664428,28.701388404064243,1000003
f_1000004_s42,0.847426221685407,0.7993867689404333,0.8218125476407903,0.9562641591704577,0.8061270502800942,0.9772437876215465,0.9821946357375861,0.5826035268476323,0.7513925879506328,17.544893048381944,0.551829124668108,0.7346100266960551,0.10794354213896891,0.906637967582793,-0.8384909851420088,9.84842657471943,0.9103346998250245,-0.9526358998662846,9.163094152125709,0.02068129191863738,7.85252783603511e-06,0.0003796739678042636,29.832428225747705,1000004
f_1000010_s42,0.8211786863901586,0.7560448890532497,0.7907118137371748,0.9463157475532282,0.7810809895415209,0.9767003652827082,0.9772789054005074,0.5599762234991084,0.721858843803854,17.340215262101314,0.7278990130017324,0.6079968322661721,0.12864567121164994,0.9903009779882339,-0.9670214656467694,1.0246265432607915,0.9761594647294329,-0.9820618638975745,2.3876224435297932,0.02068129191863738,0.0005729653883818984,0.027703186408735658,21.768959321284488,1000010
f_1000011_s42,0.8040970904466308,0.7047768686624253,0.7634805197847943,0.9507159889413257,0.7808743333809386,0.9796297010855585,0.9767956385163706,0.44048609735156197,0.689709645412293,20.540500554413715,0.6206010578359796,0.5791852602588149,0.12287899247289508,0.9781654347024983,-0.9833182453391622,2.1861709435410166,0.9540960572959457,-0.9793475771453454,4.657226037482646,0.02068129191863738,0.004500997394981342,0.21762565835004824,27.588045970185842,1000011
f_1000012_s42,0.8200817885320146,0.7363640564107762,0.7890451321313644,0.948818182938727,0.7969383293719865,0.9776875289396512,0.9743944061858162,0.48066838385839766,0.719719915748429,19.261746813044677,0.6446963305415112,0.6224137851971991,0.12564042891033628,0.9774013287777287,-0.9717031850369653,2.263189078227682,0.9642051302240122,-0.9740608408324835,3.5895610820142587,0.02068129191863738,0.017834138852883128,0.8622902588862648,25.516806895189333,1000012
f_1000013_s42,0.8202763486922489,0.748851295125527,0.7899591754261537,0.944942537984042,0.7876654192287614,0.9762887791325823,0.9785172767911078,0.5615481143913876,0.7147065991261511,16.228087558353703,0.6740536933452388,0.6096383946253687,0.12966272824589464,0.9897390122906393,-0.9687127357248766,1.0707675473235967,0.9704201103302184,-0.9803171618904832,2.9680827014900704,0.02068129191863738,0.0003906850727479747,0.018889834564027097,22.492592145690605,1000013
f_1000014_s42,0.8192992094405644,0.7386125553637012,0.798114233198889,0.9437695842610481,0.7856014181323148,0.9770347790296856,0.9777546212395796,0.5469519846773662,0.7085509252006197,15.399671809890075,0.6195442514920535,0.6087891763991973,0.12914614134350338,0.9879449048804126,-0.9655290449149032,1.2563697143355528,0.9658870580670604,-0.980475520613541,3.433328160691346,0.02068129191863738,0.0073144595664894185,0.3536580759648866,23.646882483322816,1000014
f_1000100_s42,0.7657534817565924,0.667144309160557,0.7334734720302276,0.9495725962976553,0.6923472739259112,0.971156814323198,0.954950465144376,0.4552011095700416,0.7005304889724442,17.88697918980208,0.9406329845975804,0.3628634664029854,0.1383205154310715,0.9223479531127117,-1.053549201585614,9.63150336080332,0.9862018956537898,-0.9906626977828976,1.3818281508436128,0.02068129191863738,0.00012343848332788273,0.005968317428913617,30.174296267556006,1000100
f_1000101_s42,0.7664696412176439,0.6677196883445052,0.7314978920765836,0.9505251045524697,0.7017113649884298,0.9729542882132016,0.9551769964963152,0.45152896109900265,0.7003172489425036,18.726248373373917,0.9470215888571355,0.36716567901948954,0.13796498950608316,0.9246242496283172,-1.0484227410016247,9.195120410055537,0.9855840079452719,-0.9881598020468454,1.4422723814984135,0.02068129191863738,4.314952552274438e-05,0.0020863028958536824,31.614305367233456,1000101
f_1000102_s42,0.7655695721476325,0.6665299475850067,0.733092045932989,0.9496819618221065,0.6929729073142138,0.9711889694911766,0.9548220973782773,0.45522752790436566,0.7009025710655039,17.89190885929166,0.9382949860427243,0.3624257530049361,0.13833782673931483,0.9218944935559132,-1.0529730043746297,9.674275411022553,0.9862730453816655,-0.9906650396432324,1.3746512704894522,0.02068129191863738,8.735181607688116e-05,0.004223507550348714,30.15321045345482,1000102
f_1000103_s42,0.7657315543179505,0.6668962762172865,0.7334437454357954,0.9495354447682358,0.692701645799881,0.9711696763903895,0.9549429140993113,0.45525394623868964,0.7004129893641096,17.913777149530947,0.940213356208668,0.3627486715928853,0.13832826201690893,0.9224411601283856,-1.0535345411570536,9.618926888145662,0.9862128851623804,-0.9906315396151166,1.3806912294605438,0.02068129191863738,0.00011497478633112797,0.0055590931016461015,30.146421430665836,1000103
f_1000104_s42,0.7660239008471109,0.6677738752467024,0.7337529339021267,0.9496984188659482,0.6924480033220921,0.9711310901888152,0.95497311827957,0.45525394623868964,0.7007176179783106,17.8713433712025,0.9396029587954855,0.36323312391528867,0.13824910194377674,0.9222774453728761,-1.0537159812289585,9.645454118351795,0.9862242378316088,-0.990691907238582,1.3796001044261819,0.02068129191863738,0.00010606327311665213,0.005128216618056513,30.1935881880754,1000104
f_1000110_s42,0.7582470062924745,0.6487215370289098,0.7179574658959673,0.9492919892608289,0.7056095907933965,0.9768997273241754,0.9448849220732148,0.4393633181427911,0.7016630546416697,18.2483341699935,0.9432086105040063,0.37060723932863393,0.1383136305578401,0.9230480833172899,-1.0680498499144373,9.973026669101252,0.9823855719974421,-0.9903989267030819,1.7679793227240441,0.02068129191863738,2.9265988171419643e-06,0.00014150263561963971,30.86422672804011,1000110
f_1000111_s42,0.7600537897574823,0.6571934710120015,0.7133803007783396,0.9500499341174613,0.7075418432736922,0.9769929773113136,0.9467047239337925,0.4459282742223103,0.7011027555834073,18.907021632337845,0.9432241965631857,0.3757234613014893,0.1380927581030152,0.9230861663893775,-1.0708113861125164,10.055489913282518,0.982035613876543,-0.9889554657199052,1.8013146421817643,0.02068129191863738,2.9727971774454883e-05,0.0014373635132606457,32.602348505363196,1000111
f_1000112_s42,0.7579696690635214,0.6477256266475209,0.717522826148933,0.9491566314556272,0.7064125846447921,0.9769672531769306,0.9443185936933671,0.4369328313849812,0.7020797430675232,18.36093830053713,0.9443463971158421,0.37043315389855747,0.13833417927551744,0.9222552803990017,-1.0680994736370673,10.08083215703576,0.982326136113056,-0.9904136870659456,1.7740449186888045,0.02068129191863738,1.0039014019600956e-05,0.0004853917573107323,30.96348635616805,1000112
f_1000113_s42,0.7582616042761879,0.6487104584635491,0.7179668185641276,0.9493487430538701,0.7055355143200034,0.9768611411226011,0.9448320647577625,0.439204808136847,0.7019752989712256,18.177790507624106,0.9422464162207852,0.37062985234206614,0.13834972995547823,0.923023343396429,-1.0680395405442007,9.976015128510186,0.9824206615029928,-0.9903949568627765,1.7644065745706927,0.02068129191863738,4.922940486404734e-06,0.00023802683502250238,30.8768083109084,1000113
f_1000114_s42,0.7584682901694386,0.6492552802188634,0.7181600241242554,0.9493815724876347,0.7055995746532878,0.9768386325050162,0.9447339011719221,0.4396142923188693,0.7020840949048688,18.169304844710688,0.9421636439696285,0.3706228303127277,0.1382793785298334,0.9232106021775236,-1.0680238765228638,9.950456636273803,0.9824300268093619,-0.9904191300092204,1.7634940433287976,0.02068129191863738,4.079173284856253e-06,0.00019723023448771641,30.89632014185778,1000114
f_1001000_s42,0.8328253047460227,0.7514627652430128,0.8170972727520996,0.9557598116705108,0.7845103054898593,0.9816651232186037,0.9812129998791832,0.5184201836074236,0.7634819920970634,15.042153416962437,0.5487169971825528,0.5705197744852153,0.14419361399518218,0.9542976933936392,-0.9387254281214006,4.595641541054954,0.9386328934167542,-0.9638742457981271,6.204588725938552,0.02068129191863738,0.07511680070723059,3.631937940085875,32.2340468852068,1001000
f_1001001_s42,0.8189231211326308,0.7263187296376034,0.8023951717524282,0.955613085073237,0.7721778743664885,0.9809319853886918,0.9798915669928718,0.451912026946701,0.7200898219228158,19.94821418485314,0.6276209166894677,0.5074278676920161,0.12675005465377412,0.9495710538623032,-0.9978060745478672,5.287912320562021,0.9224758595107533,-0.9620205079791008,7.921933847883294,0.02068129191863738,0.14461021961273837,6.9919823287295415,34.629196226100426,1001001
f_1001002_s42,0.829649820757082,0.7386699294116992,0.8157353302930899,0.9578425292129886,0.7840437748234602,0.9800316406852909,0.9811525915186662,0.4497193051978073,0.758810294706425,19.313996021708576,0.6074447736026117,0.541554682213737,0.13154364952397704,0.9407053640816906,-0.9597664288502155,5.968086119561951,0.9120928472191837,-0.9518350476979922,8.963882133157087,0.02068129191863738,0.0973782820474093,4.708292602700335,35.566952009480794,1001002
f_1001003_s42,0.833583171855039,0.7524899453980108,0.815686424529263,0.9565481914239129,0.7886405923366788,0.981337140505222,0.981364020780476,0.5175747969090548,0.7623744494925756,16.033337545503162,0.5538530485861296,0.5685916162064664,0.14397443623149145,0.9536590359177421,-0.9393713192925043,4.655502260702829,0.9357848952156532,-0.9627125961459758,6.498996349504055,0.02068129191863738,0.07652423595664493,3.6999881955871072,33.062937510338024,1001003
f_1001004_s42,0.8340087132225968,0.7549169935669587,0.8156640743555686,0.9555890958577784,0.791106500932985,0.980652235427278,0.9812432040594419,0.522752790436563,0.7582423799328076,16.24441161767303,0.5402525040673496,0.5640209388957644,0.14078618842046386,0.9469153336581719,-0.9428170359507556,5.310240398267228,0.9353522380332566,-0.9628614233780876,6.5456821107851475,0.02068129191863738,0.08177085881736289,3.953665248466826,34.320398176281635,1001004
f_1001010_s42,0.8312152286859524,0.7291573060316218,0.8267482463868907,0.9530698315606575,0.7943497139342597,0.9807390543808202,0.9808203455358221,0.4861501882306321,0.7361785645899699,13.920911851652203,0.5228796218544037,0.5665754374915147,0.1498250807777966,0.9894087430638815,-0.998392970110415,1.0672837310446917,0.9624142181197018,-0.980012550350937,3.790757814171074,0.02068129191863738,0.07792849493667153,3.7678848767456006,27.60885085195442,1001010
f_1001011_s42,0.8231215468351303,0.7029799627663837,0.8156756921443628,0.9506135837126166,0.807405827135383,0.9790026753099759,0.9801332004349401,0.45155537943332674,0.7084181941615749,16.29459608135917,0.5667730679807449,0.548188478487667,0.12939200271538012,0.962667454915601,-1.0264393293368852,4.155711084325855,0.9632381637991908,-0.9861408271866637,3.7306386873688835,0.02068129191863738,0.05463204200276899,2.6414887778244034,31.48253295377936,1001011
f_1001012_s42,0.824445643100479,0.7213850408356245,0.815620411399181,0.953119072740679,0.7849001854097248,0.9801088130884396,0.9810997342032137,0.44875503599498046,0.7342332932964297,13.894845576242552,0.541837459917616,0.5650188935689608,0.1345112999215483,0.9555803891148648,-1.0000945173575462,4.649322775272427,0.9424056428762826,-0.9632293608716492,5.805448513168108,0.02068129191863738,0.1343223434929584,6.494557954281501,31.93933989755052,1001012
f_1001013_s42,0.8308822678037209,0.7305932693619528,0.8236858165204958,0.9534047693646679,0.7922669383146467,0.9798547872614086,0.9807674882203697,0.48588600488739186,0.7365528226017024,13.81256722204251,0.5268473415028059,0.5640019610209407,0.1496135936538942,0.9888725621395092,-0.9982394915195232,1.1216164526969183,0.9642058649998819,-0.978793878968103,3.6014845285402575,0.02068129191863738,0.08090587261581195,3.911842697805916,27.959303961630614,1001013
f_1001014_s42,0.828195696374571,0.722306219052984,0.8219777935660582,0.9530180352947513,0.7930086246714607,0.9794464166280804,0.9809185091216623,0.478436034608018,0.7240238828833533,13.971202740715473,0.5309683861390839,0.5570814529109511,0.14689373191211877,0.987500401254443,-0.9993676647435823,1.264221331314913,0.9584105286075412,-0.9776671988031105,4.197638215350775,0.02068129191863738,0.09598951485522943,4.641144957862752,28.949698248711456,1001014
f_1001100_s42,0.8019534728857253,0.7386272192523969,0.7639443951781169,0.9543246095455118,0.7361597768144236,0.9774527962134075,0.9625694696145947,0.5564229575325276,0.6960089299702333,17.95402563497121,0.9202969587864447,0.3863443410807877,0.13331278789870668,0.9166957098409583,-1.0385379571616318,9.949890421993656,0.9770202211110428,-0.9884389788795709,2.31132336795121,0.02068129191863738,0.0002836344026982485,0.013713876770236368,28.991372963446334,1001100
f_1001101_s42,0.8002799334497971,0.73334256299106,0.7622196830603796,0.9527343362973386,0.7389920264895008,0.9769929773113134,0.9576008819620636,0.5476520705369526,0.6966530018974011,18.354696290646856,0.9006387719523166,0.3826434442999613,0.1341584275989889,0.9179784374451858,-1.0411591034731495,9.855079228849107,0.9777671611219048,-0.9871413270506307,2.2322711999583933,0.02068129191863738,0.0004866953628544101,0.02353198401652167,29.429789423495933,1001101
f_1001102_s42,0.801399433412612,0.738222105379301,0.7628310018017352,0.9542951556084605,0.7358047847645263,0.9773788393270567,0.9624713060287545,0.555630407502807,0.6960263373196163,18.026336146094447,0.921501947067762,0.38560113091378617,0.13341497736753988,0.9162706469807957,-1.0384164542095242,10.001231294236602,0.9770820865408378,-0.9886163880134939,2.305407408711182,0.02068129191863738,0.00028991595954802314,0.014017593441216829,29.122065645325574,1001102
f_1001103_s42,0.8020578203484948,0.7388402085587336,0.76410109616355,0.9543123497671011,0.7361694689446345,0.9774720893141946,0.9626374290201763,0.5569513242190081,0.6961133740665308,17.922211929566906,0.9211919525718042,0.3864774406256937,0.13331183334056682,0.9167169735286899,-1.0383609172338717,9.942459411698213,0.9770324327146205,-0.9884636416108415,2.31013116038419,0.02068129191863738,0.00029187213274419204,0.014112175473221035,29.001555972957508,1001103
f_1001104_s42,0.801884329396907,0.7386026944109876,0.7637940053241836,0.9543107938664683,0.7361002648607937,0.9774399341462159,0.9626298779751117,0.5561719833564494,0.6961677720333524,17.961058113838966,0.9212921479106234,0.38647113703089286,0.13328215802958066,0.9167062109356342,-1.038382228897171,9.944405964218356,0.9770170325109151,-0.9884674571351448,2.3117163945965107,0.02068129191863738,0.0002780577799652719,0.013444244045057039,28.991911487427917,1001104
f_1001110_s42,0.794538033396091,0.7260624574109708,0.7499997079947367,0.9475241245228174,0.7455527838689097,0.9715909090909091,0.9544671982602392,0.555564361666997,0.7116015631799746,18.176367691532757,0.8739130602956049,0.41816996580272975,0.13118452390812696,0.9189966574635708,-1.0528184156407185,10.049009781043653,0.9719946388541398,-0.9891874011900196,2.830946886921776,0.02068129191863738,0.0004048877180989924,0.019576540148054725,29.851757637450905,1001110
f_1001111_s42,0.7927557245724818,0.7236772265697328,0.7500260469191351,0.947289744049028,0.7414901509919599,0.9719478314554715,0.9497251419596472,0.5450762829403606,0.7110510557557401,18.234447842926745,0.8536817007953089,0.41607669292877625,0.13190904782747218,0.9183565918985241,-1.052559638198188,10.125502497774441,0.972330833791364,-0.9884883581633958,2.7937660824624975,0.02068129191863738,0.0010542904642492977,0.050975514144989305,30.570819139487313,1001111
f_1001112_s42,0.7929183177997592,0.7224167203604933,0.7501285445441177,0.9471944554557772,0.7428950736337194,0.9718417194011422,0.9501857557085901,0.5475992338683047,0.7123304959353839,18.39282370504251,0.8689601631947488,0.4178061295275695,0.131569148656535,0.9184858860555337,-1.053108006218808,10.124562589516726,0.9729505277284063,-0.9888686111397323,2.7309902141632167,0.02068129191863738,0.0009434857766162403,0.04561804757073559,30.190243569155413,1001112
f_1001113_s42,0.7945523657356861,0.7261517607060439,0.749994755058135,0.9475185874966763,0.7455774208720757,0.971594124607707,0.9544596472151745,0.555808731259494,0.7116494333907775,18.193099183648346,0.8738012812721696,0.418147105530261,0.13119252316928545,0.9189869597386596,-1.0528526229427853,10.051279006211706,0.9719829543866889,-0.989181573187244,2.8321364209961364,0.02068129191863738,0.0003916207449787919,0.0189350748224326,29.861434790688232,1001113
f_1001114_s42,0.7944830846255944,0.7260728135736666,0.7499128763260229,0.94753778545372,0.7454385562093603,0.9716294952924834,0.9543992388546575,0.5552869691565946,0.7116537852281233,18.170510721846426,0.8734428808367394,0.4181368803004592,0.13117515226219892,0.9190215682762649,-1.0528911414742308,10.047858628683125,0.9719877587779537,-0.9891940821460933,2.8316831029043477,0.02068129191863738,0.0003934215095314896,0.019022142762474343,29.873098808282375,1001114
f_1010000_s42,0.8465526403732186,0.7739783617188271,0.8305810594055696,0.9538762240363008,0.8052797773634651,0.9827937696146525,0.9813262655551529,0.5398058252427185,0.7428303479729141,16.4032878514496,0.7741064640868539,0.5680934128351909,0.12707387540670867,0.9790420741057329,-0.9512804940492283,2.1745129373685943,0.9734961742994711,-0.9806425729641945,2.6556287143340422,0.02068129191863738,0.012170627775678691,0.5884564352711512,23.81965212362525,1010000
f_1010001_s42,0.8038097328876707,0.6834380625287352,0.7824030499831763,0.9488300444289564,0.7883823438398571,0.9768707876729947,0.9796121783254802,0.36671289875173374,0.715938169094992,15.035532067061235,0.5905063200027866,0.5270204935301779,0.12897270671170197,0.9620712502587027,-0.9867641467907233,3.856252726970472,0.9301808329655917,-0.9702074961192809,7.154155660258639,0.02068129191863738,0.07525452072230883,3.638596777298889,28.92717437007019,1010001
f_1010002_s42,0.8151471513486022,0.7052685212936675,0.8037468118229139,0.9478924431422484,0.7928860472649921,0.9756360292226166,0.9819605533405823,0.40726504193910573,0.7327797796229568,14.752559067562926,0.5875433478057558,0.5418996389306269,0.1321221580301962,0.9598852691979806,-0.9719167969410362,4.026553805417421,0.9473408304188378,-0.9729455900849661,5.33512158822497,0.02068129191863738,0.027987087554222443,1.3531908196790565,26.042607496972394,1010002
f_1010003_s42,0.8433017549525189,0.7688812443642343,0.8234442671518252,0.9539688052738384,0.8048208637505437,0.9835751401965324,0.9812507551045065,0.54428373291064,0.7479981548209653,15.2029923822663,0.7432105722782314,0.5611645916356469,0.12915457936533078,0.9725655122473164,-0.9632533877916951,2.752364952202992,0.9712220096630096,-0.9795045856243095,2.8848624099273565,0.02068129191863738,0.020173724690416676,0.9754104994639197,23.896280415894594,1010003
f_1010004_s42,0.8405542005876611,0.7609954582991215,0.8175921725054717,0.9533979289255513,0.8081796922510852,0.9841732263209344,0.9810015706173735,0.5162670893600159,0.740182254948039,13.562917390117065,0.6453997159313704,0.5451704136074134,0.1312090293084955,0.9688249589612616,-0.9592191672619126,3.127028139492282,0.9620237292200318,-0.9788862266341831,3.8271839184786653,0.02068129191863738,0.00894210573023571,0.4323556482721208,26.151099755461484,1010004
f_1010010_s42,0.8157905143209729,0.7038611456478303,0.8013547747220875,0.9519839807603654,0.7996246250370772,0.9792631321706025,0.9777999275099674,0.5134535367545077,0.7398515153097639,17.544774435366897,0.9083779937860178,0.5170218624703793,0.1336428507932082,0.9869559096310734,-1.0067199020334001,1.34398683280703,0.9839397355309644,-0.9903696152796556,1.6102282645646684,0.02068129191863738,0.006447735197442209,0.311751483965468,19.72916592291877,1010010
f_1010011_s42,0.79472536948844,0.6720407915346589,0.7896022034981768,0.9438835147249305,0.7760785259074305,0.9811892267325204,0.9794611574241875,0.3454197212865729,0.6907040402457918,13.89754264548742,0.6536491012456745,0.45226443429986635,0.1382686959073066,,,,,,,,,,,1010011
f_1010012_s42,0.8019062011335121,0.6710898670922478,0.7992041544453081,0.9502685405848418,0.777667456554393,0.9779093995987035,0.9803521807418146,0.38795323954824645,0.7111359165839818,14.099444483420841,0.7397768336771351,0.4873817218877083,0.13851222575633265,,,,,,,,,,,1010012
f_1010013_s42,0.813968855968525,0.6975023569904604,0.8028476027517293,0.9518249344384584,0.7970743111925499,0.9790509080619437,0.9774525794369942,0.49599101776632987,0.7336196842306822,16.118107170168788,0.8584317425285228,0.5162465146064913,0.13447582272105552,,,,,,,,,,,1010013
f_1010014_s42,0.8090774460855626,0.6867353453257358,0.8012392240936543,0.9498690865877897,0.795893569977458,0.979157020116273,0.9765464540292377,0.4715276401822865,0.7198287116820722,15.211893875888377,0.736815550206866,0.5006576929175016,0.13518138996477147,,,,,,,,,,,1010014
f_1010100_s42,0.7240339566308981,0.5511299172844498,0.6959277253468635,0.943258990366151,0.6992898047601832,0.9752212275556928,0.9393500060408361,0.38018624925698435,0.7140081292321618,19.679869858778666,1.082412047872911,0.35019713116159173,0.14017836079574172,,,,,,,,,,,1010100
f_1010101_s42,0.7246159378884789,0.5530090802919907,0.6923413630610371,0.9446395979900144,0.7062584681492515,0.9767775376858568,0.9401881720430108,0.3792748167228056,0.7144454888854074,19.843794321667534,1.0725280653562221,0.35639098118908585,0.14009318157688969,,,,,,,,,,,1010101
f_1010102_s42,0.7225231833871115,0.547809938271231,0.6910548004004998,0.9441728613137628,0.7040419882118854,0.9762405463806143,0.9386477588498249,0.38087312594940886,0.71390803697321,19.832596628221168,1.093419186238599,0.35389994322933854,0.14012106387459225,,,,,,,,,,,1010102
f_1010103_s42,0.7241038379474717,0.5512390677836511,0.6960149520326008,0.9432666794748095,0.6991820837967714,0.9752180120388949,0.9393802102210945,0.3801202034211743,0.7141778508886453,19.665386578243467,1.0839332502199817,0.3504921379043932,0.1401402373526279,,,,,,,,,,,1010103
f_1010104_s42,0.7242419825111671,0.5516174357293621,0.6961906468321956,0.9433218812808852,0.69922979523776,0.9752565982404693,0.9394783738069349,0.38008057591968825,0.7141734990512996,19.63836747575541,1.0825708838195074,0.35053571786759796,0.14010523720388424,,,,,,,,,,,1010104
f_1010110_s42,0.7193123775922456,0.5485726119796007,0.6791299284486093,0.9432170979399046,0.6957053140543198,0.9736938570767093,0.9314063066328381,0.387372036193118,0.7040315421170819,18.94968633609989,1.2111933421240346,0.35036334657577445,0.13999833499347764,,,,,,,,,,,1010110
f_1010111_s42,0.7213233137014206,0.5491493870622535,0.6808804554235321,0.9443048238593365,0.7036875755670269,0.9745266759273549,0.936254077564335,0.3875965920348722,0.7068014865876373,18.885212381606763,1.2105973302967525,0.3604249295179707,0.13982691042098083,,,,,,,,,,,1010111
f_1010112_s42,0.7190277251938794,0.5482643807131172,0.6786046076723159,0.9432489526904708,0.6952592237344946,0.9735330812368164,0.931406306632838,0.3880721220527045,0.7042730690897697,19.172302592736564,1.2122597176167322,0.35085268646301865,0.13998676907819962,,,,,,,,,,,1010112
f_1010113_s42,0.7192432844081211,0.5484309881861655,0.6790281655704969,0.9431801037515637,0.6957257979073876,0.9736970725935072,0.931512021263743,0.38731919952447,0.7041142270266507,18.97625986245604,1.211574627557651,0.35021577093486794,0.14006426033761687,,,,,,,,,,,1010113
f_1010114_s42,0.7197550391708742,0.5494499224243309,0.6796772344143789,0.9432829556678507,0.6958041387905375,0.9737227967278902,0.9313987555877733,0.3874645003632521,0.7043252911379185,18.873831972344643,1.2115275660008105,0.3510827772804293,0.1398319771663757,,,,,,,,,,,1010114
f_1011000_s42,0.8408671025284478,0.7574091045965987,0.8371752554126068,0.9515782700084188,0.7946237397773638,0.9812278129340948,0.9817944303491604,0.5523545340466284,0.770527616759796,13.300186645683052,0.7322194392957857,0.5424968648303755,0.1520204925100919,,,,,,,,,,,1011000
f_1011001_s42,0.8270096714812805,0.735229135591837,0.8327911069426404,0.9470939861851384,0.7774374905855175,0.981153856047744,0.9817642261689018,0.48852783831979396,0.7185840862011942,14.61651698397225,0.6624439119389678,0.4690925258781873,0.13479500316371312,,,,,,,,,,,1011001
f_1011002_s42,0.8348621015322343,0.75018148527512,0.8316706630644347,0.946898292878009,0.788327636225263,0.9798097700262386,0.9819303491603238,0.48290073310877746,0.755809702856546,13.2363140633612,0.7341719470748123,0.5047162489790229,0.13779134125002235,,,,,,,,,,,1011002
f_1011003_s42,0.8401909702512306,0.7585190357800636,0.8359760777121713,0.9482809502768192,0.7966912098473832,0.9800445027524823,0.9818699407998067,0.545472557955221,0.7717635385659827,13.463513191999036,0.7330509230003869,0.5380643298595635,0.15135738474731333,,,,,,,,,,,1011003
f_1011004_s42,0.8399064180353178,0.7523266184878411,0.8370313481714924,0.9502420791442968,0.7960218903227881,0.9816136749498379,0.9814546333212517,0.5400964269202826,0.7667132313262659,13.386353805845882,0.7065382832273959,0.5310602538057142,0.14976279074188154,,,,,,,,,,,1011004
f_1011010_s42,0.82518799993097,0.6924848283412749,0.8401447907431445,0.9535933835258459,0.7898630028794361,0.9797261665894942,0.9811752446538601,0.43145102701274685,0.7456546904102912,15.520565136020556,0.7336055901029808,0.5141975662018141,0.15103432361362665,,,,,,,,,,,1011010
f_1011011_s42,0.8203777936383981,0.7063476126013233,0.8182888127354103,0.9515889593311838,0.8003276322948191,0.979272778720996,0.9814093270508638,0.46020738392444355,0.7369031455080334,14.877330203133763,0.6532309044216623,0.5108723356076649,0.13126403235439632,,,,,,,,,,,1011011
f_1011012_s42,0.8256901899418022,0.7041238537691145,0.8329854842968732,0.9522972153398608,0.7879111576883874,0.9793177959561662,0.9813338166002177,0.3929859322369724,0.7440815012098109,14.987568242260277,0.8215623913696797,0.5156984418166807,0.13464990532258278,,,,,,,,,,,1011012
f_1011013_s42,0.8260595949108485,0.6936551125129403,0.840556767658139,0.9537189607627834,0.7910598761503468,0.9796329166023563,0.9812281019693125,0.4236444092199987,0.7462900586627677,15.634655966156007,0.7530691646451945,0.5117185702381019,0.15056384096227984,,,,,,,,,,,1011013
f_1011014_s42,0.8229557870026808,0.6882140365605122,0.8384246571464748,0.9529204251335553,0.7902564531552082,0.9794174769768997,0.981220550924248,0.42254804834555176,0.7459201524883805,15.528743452396824,,,,,,,,,,,,,,1011014
reference,0.8840558612943283,0.8551936034183161,0.858285643093653,0.9524534947816979,0.8663552352982097,0.9755556413026701,0.9836821916153196,0.6199722607489597,0.9009565338485909,0.0,0.0,1.0,0.0,,,,,,,,,,,reference
