model_id,clean_name,category,val_pearson,val_p05,val_recon_loss,boundary_f1,boundary_ppv,boundary_sens,macro_f1_wave,miou_wave,P_iou,QRS_iou,T_iou,train_recon,train_ssl,train_total
A0_raw_1110000_s42_l0,A0_raw,Core Architecture Matrix,0.7060352784043508,0.3651094645261765,0.9389279933943264,0.6842174766359396,0.5993484908921686,0.7970865854909269,0.7785699963569641,0.6545664668083191,0.45224085450172424,0.8649594187736511,0.6464990377426147,1.7149071826199422,0.0,2.0675817240699854
A0_wave_noSSL_cross_attn_1110000_s42_l0,A0_wave_noSSL_cross_attn,Core Architecture Matrix,0.7065325215888908,0.3636902093887329,0.9387481653172037,0.6855558409767448,0.5984951019578977,0.8022570297884078,0.7825754284858704,0.6591771245002747,0.46071192622184753,0.8644044995307922,0.6524150371551514,1.7139937079521843,0.0,2.0662521827177143
A0_wave_noSSL_gated_add_1110000_s42_l0,A0_wave_noSSL_gated_add,Core Architecture Matrix,0.7136148773283073,0.3708684861660004,0.922718206177587,0.7443857447709781,0.6791683438632108,0.8234586806525652,0.8427026867866516,0.7338972687721252,0.6229982972145081,0.8663917183876038,0.7123019099235535,1.7104250007335238,0.0,2.0499547705364343
C1_E1_morlet_mag_morlet_phase_1110000_s42_l0,C1_E1_morlet_mag_morlet_phase,Core Architecture Matrix,0.7146708084551078,0.3748343646526337,0.920371179131494,0.744810342396187,0.6746921199942586,0.8311931277651444,0.8475468158721924,0.7405315041542053,0.6352021098136902,0.8653286099433899,0.7210639119148254,1.7098466836399373,0.18146696354797157,2.058350324776648
E1_raw_1110000_s42_l0,E1_raw,Core Architecture Matrix,0.7084475726382384,0.3780723690986633,0.9336351493130559,0.6762598086245768,0.5849034689242205,0.8014365488875764,0.7756085991859436,0.6511902809143066,0.44620105624198914,0.8656108975410461,0.6417588591575623,1.7132703064413082,0.0,2.066996150238569
E1_ssl_both_1110000_s42_l0,E1_ssl_both,Core Architecture Matrix,0.7147697362763167,0.3774885654449463,0.9199804516806118,0.7396857897355429,0.6735504668418836,0.8202227322721308,0.8382959365844727,0.7277137637138367,0.61432945728302,0.8648503422737122,0.7039614319801331,1.7089075757648837,0.15634986316851332,2.057043433189392
E1_ssl_cross_1110000_s42_l0,E1_ssl_cross,Core Architecture Matrix,0.7065426450746626,0.3693873524665833,0.9381056721659674,0.675211501872704,0.5850499363645082,0.7982253563963913,0.7741174697875977,0.649463415145874,0.4424433410167694,0.8645026087760925,0.6414442658424377,1.7156745714831965,0.0010669256949220468,2.0698246540025225
E1_wave_noSSL_cross_attn_1110000_s42_l0,E1_wave_noSSL_cross_attn,Core Architecture Matrix,0.7066384679192026,0.36706601381301884,0.9368510229000147,0.6762447153347004,0.5881617591292226,0.7953572097990883,0.773190975189209,0.6484477519989014,0.4402628540992737,0.8647220134735107,0.6403584480285645,1.7146882764274662,0.0,2.068947708300307
E1_wave_noSSL_gated_add_1110000_s42_l0,E1_wave_noSSL_gated_add,Core Architecture Matrix,0.7120012173903112,0.37868751883506774,0.9264237422874009,0.7205625149543459,0.6393530642881406,0.8254037862364328,0.8249854445457458,0.7105556130409241,0.5710733532905579,0.8659465909004211,0.6946470141410828,1.7125084556301775,0.0,2.0595578499494014
P1_A0_morlet_mag_phase_noSSL_1110000_s42_l0,P1_A0_morlet_mag_phase_noSSL,Other,0.7142592335535376,0.37494567930698397,0.9218402401260708,0.7347376962995358,0.6636151560263057,0.8229352704227245,0.8409926295280457,0.7316214442253113,0.6167447566986084,0.8661336302757263,0.7119859457015991,1.7111073908928411,0.0,2.0516900258957245
R0_morlet_mag_morlet_phase_1110000_s42_l0,R0_morlet_mag_morlet_phase,Other,0.7153526870303446,0.36980038285255434,0.919543060703554,0.7481213879759243,0.6823375109297581,0.8279430331622819,0.8455410003662109,0.737882137298584,0.6286813020706177,0.8668493032455444,0.7181158661842346,1.7085055922644812,0.2751337900447729,2.0620256687173644
R1_morlet_mag_ueg_phase_1110000_s42_l0,R1_morlet_mag_ueg_phase,Representation Sweep (R1-R9),0.7153904611996511,0.3770565241575241,0.920304612836976,0.7511477247504547,0.6847571023471664,0.8317943422183399,0.8461182713508606,0.7388690114021301,0.6265555024147034,0.8678389191627502,0.7222127318382263,1.706155218867952,0.1337079120528596,2.051564368507124
R2_morlet_mag_ueg_phase_sin_1110000_s42_l0,R2_morlet_mag_ueg_phase_sin,Representation Sweep (R1-R9),0.7156101340885337,0.37931611835956575,0.9208245294681494,0.7484337666886799,0.6858082640344885,0.823646118099738,0.844365119934082,0.7362966537475586,0.6242984533309937,0.8664728999137878,0.7181185483932495,1.709310166546881,0.1741082000032049,2.057034699394478
R3_morlet_logmag_ueg_phase_sin_1110000_s42_l0,R3_morlet_logmag_ueg_phase_sin,Representation Sweep (R1-R9),0.714398385249539,0.37162346839904786,0.9219434952390366,0.7443709633007578,0.6833057411458642,0.8174217802313615,0.837761402130127,0.7272095680236816,0.60920649766922,0.8661161065101624,0.7063062191009521,1.7110052918570715,0.20651753179300372,2.061693831056247
R4_morlet_mag_ueg_phase_wyatt_1110000_s42_l0,R4_morlet_mag_ueg_phase_wyatt,Representation Sweep (R1-R9),0.7145877923010975,0.3638953506946564,0.9207249629324761,0.7495094664925407,0.6873287297462324,0.8240598951057607,0.8456314206123352,0.737818717956543,0.6323543787002563,0.8656071424484253,0.7154945731163025,1.7098672944445943,0.21775790972400325,2.0604886719763207
R5_morlet_mag_ueg_phase_wyatt_1110000_s42_l0,R5_morlet_mag_ueg_phase_wyatt,Representation Sweep (R1-R9),0.7143003533701393,0.37267027199268343,0.9212858512781669,0.7482408367156782,0.6787826948442801,0.8335343275769996,0.8463349342346191,0.7388612627983093,0.6333819031715393,0.8664299249649048,0.7167718410491943,1.709620093774037,0.15350311680843956,2.0560722066547763
R6_morlet_mag_ueg_phase_wyatt_1110000_s42_l0,R6_morlet_mag_ueg_phase_wyatt,Representation Sweep (R1-R9),0.714480083841921,0.3807594746351242,0.9221095295919888,0.7448586414388019,0.6762657387852139,0.828936805287858,0.8473685383796692,0.7402737736701965,0.6350650787353516,0.8653573393821716,0.7203989624977112,1.7096724244634844,0.10353664216680071,2.0546563799553432
R7_morlet_mag_ueg_real_1110000_s42_l0,R7_morlet_mag_ueg_real,Representation Sweep (R1-R9),0.7167045849567835,0.3806386262178421,0.9164031536682792,0.7494035796497027,0.6881423322466319,0.8226381997517338,0.8483031392097473,0.741760790348053,0.6362491250038147,0.8682586550712585,0.7207745909690857,1.7083231096898035,0.244157985855929,2.057950422258972
R8_morlet_mag_ueg_mag_1110000_s42_l0,R8_morlet_mag_ueg_mag,Representation Sweep (R1-R9),0.715817882212035,0.3761722892522812,0.9196059021396913,0.7548316708229428,0.6977234186238463,0.8221218626331072,0.8419162631034851,0.7327867150306702,0.6211676001548767,0.8658687472343445,0.7113239169120789,1.7081147584074714,0.14068658020680216,2.053727893525851
conv_control_1110000_s42_l0,conv_control,CNN Baseline,0.7225563754022558,0.3831822097301483,0.9037303665409917,0.7942007402378396,0.7583389097647604,0.8336227414671754,0.8702772259712219,0.773502767086029,0.6859155893325806,0.8692053556442261,0.7653872966766357,1.7018808459126673,0.20688823678939988,2.039522793185025
del_boundary_1110000_s42_l0,del_boundary,Loss & Delineation Aux,0.7087417835471242,0.3663098305463791,0.932048607563627,0.7122901679590387,0.6361909688040535,0.8090684358875517,0.7901905179023743,0.6686291694641113,0.471907377243042,0.8644714951515198,0.6695088148117065,1.7118473090915376,0.0,2.065218479280227
del_ce_1110000_s42_l0,del_ce,Loss & Delineation Aux,0.7103459632320247,0.3709248542785645,0.9308547826780789,0.6939185478735804,0.6222209128761097,0.7842913273046849,0.7760481834411621,0.6527190804481506,0.4365287721157074,0.8646945953369141,0.6569339036941528,1.7077569189678645,0.0,1.9615868100921556
del_fid_1110000_s42_l0,del_fid,Loss & Delineation Aux,0.7156191121614476,0.3785862445831299,0.9195713349010634,0.7497510023750542,0.683238739669121,0.8306095960899841,0.8450496196746826,0.737288236618042,0.6253706812858582,0.866925060749054,0.7195689082145691,1.7080802872248058,0.16636915656315068,2.07299772689217
del_head128k25_1110000_s42_l0,del_head128k25,Loss & Delineation Aux,0.709659407962245,0.3666595846414566,0.9321727113447328,0.7365989675453947,0.6602670135637507,0.8328871379009127,0.8264941573143005,0.7132410407066345,0.5667203664779663,0.8704283237457275,0.7025743722915649,1.7111062389254716,0.0,2.045031483783278
del_head64k9_1110000_s42_l0,del_head64k9,Loss & Delineation Aux,0.7102944245617419,0.36520473957061766,0.9287206012269725,0.6665760042098915,0.5726353110293315,0.7973871927175247,0.7658675312995911,0.6407467126846313,0.4138697385787964,0.8551478385925293,0.6532225608825684,1.7060127866749664,0.0,2.0680474401833524
del_wave_boundary_1110000_s42_l0,del_wave_boundary,Loss & Delineation Aux,0.7148808085788818,0.3770416766405106,0.9197913615599923,0.7626146412018012,0.7123862690728645,0.820463218053409,0.8427667617797852,0.734122097492218,0.6215123534202576,0.8677944540977478,0.713059663772583,1.7092018999989205,0.16667050218056872,2.0595016015495196
del_wave_ce_1110000_s42_l0,del_wave_ce,Loss & Delineation Aux,0.7164242333087062,0.3757015228271484,0.9178924353226371,0.7463837962812205,0.6915928175511965,0.8106033010210036,0.8355312943458557,0.7242771983146667,0.6007112860679626,0.8651056289672852,0.7070145010948181,1.7069555162070285,0.1909504907805304,1.9633104255470828
mask_fixed_raw_1110000_s42_l0,mask_fixed_raw,Other,0.7071275220423651,0.3629435211420059,0.9376383147377899,0.68222771919688,0.5937116174802997,0.8017619120034234,0.7806728482246399,0.6570067405700684,0.4559825360774994,0.8641116619110107,0.6509259343147278,1.7145067155725953,0.0,2.0675164984956367
mask_fixed_wave_1110000_s42_l0,mask_fixed_wave,Other,0.7144686898879581,0.3712092310190201,0.9213528788608053,0.7474379522265502,0.6851635720601238,0.8221643013003915,0.8412482142448425,0.7319321036338806,0.6197279691696167,0.8671311140060425,0.7089371681213379,1.7097302021565899,0.13711133128718325,2.056151412254156
ssl_both_infer_b_1110000_s42_l0,ssl_both_infer_b,Wavelet SSL / Contrastive,0.7075542282156111,0.36799072921276094,0.9339338160943293,0.6855744989958552,0.6029775342730516,0.7943917301183685,0.7780914306640625,0.654217541217804,0.448373407125473,0.863929033279419,0.6503502130508423,1.7142978562281503,0.0003332708719456648,2.0676229169348317
ssl_both_infer_mean_1110000_s42_l0,ssl_both_infer_mean,Wavelet SSL / Contrastive,0.7144938945178108,0.36594572365283967,0.9234877556994341,0.7252186187913914,0.6527453932177298,0.8157949646521268,0.8146970868110657,0.6986569762229919,0.528262734413147,0.8671282529830933,0.700579822063446,1.7073838198637292,0.018456909326765792,2.0542918159153354
ssl_global_1110000_s42_l0,ssl_global,Wavelet SSL / Contrastive,0.7146137441281081,0.36732074320316316,0.9227334805156874,0.7406111459184239,0.6714553601730258,0.8256478085733181,0.8415564894676208,0.7324557304382324,0.6169288754463196,0.8664107322692871,0.7140277624130249,1.7100797472852243,0.0005507774860797635,2.0505357432102778
ssl_log_magnitude_phase_sin_both_cross_attn_1110000_s42_l0,ssl_log_magnitude_phase_sin_both_cross_attn,Wavelet SSL / Contrastive,0.7092619322033866,0.37331654727458957,0.9330856696419094,0.6866862921774238,0.59747657190723,0.8072117441938599,0.7859892249107361,0.6634690165519714,0.4651441276073456,0.8647633194923401,0.6604995131492615,1.713542057659518,0.0002717612131135116,2.0647926915669528
ssl_log_magnitude_phase_sin_both_gated_add_1110000_s42_l0,ssl_log_magnitude_phase_sin_both_gated_add,Wavelet SSL / Contrastive,0.7149802360792895,0.3764189302921295,0.920752133148304,0.742560730360392,0.6766614598332068,0.8226806384190182,0.8399273753166199,0.7300612330436707,0.6176304221153259,0.8666856288909912,0.7058675289154053,1.7100819229641917,0.15880803517641606,2.057532403139327
ssl_log_magnitude_phase_sin_local_cross_attn_1110000_s42_l0,ssl_log_magnitude_phase_sin_local_cross_attn,Wavelet SSL / Contrastive,0.7083656971688002,0.3670604765415192,0.9326818930929985,0.6843400808251948,0.5963493639759777,0.8027910496850698,0.7835156917572021,0.6603891849517822,0.46171948313713074,0.8646978735923767,0.6547502875328064,1.7126684260339164,0.00452047163299131,2.0646833182840334
ssl_log_magnitude_phase_sin_local_gated_add_1110000_s42_l0,ssl_log_magnitude_phase_sin_local_gated_add,Wavelet SSL / Contrastive,0.7152293072834243,0.37305693924427036,0.9199182745339214,0.7513057091893696,0.6874638563942992,0.8282188844996304,0.8448565602302551,0.7371214032173157,0.6221914887428284,0.8666926026344299,0.722480058670044,1.7085607135018637,0.04516124747228447,2.049871104145867
ssl_log_magnitude_real_both_cross_attn_1110000_s42_l0,ssl_log_magnitude_real_both_cross_attn,Wavelet SSL / Contrastive,0.7080691191852024,0.3673326939344406,0.9353410221528315,0.6840420874658455,0.5967434791884509,0.8012597211072249,0.7835765480995178,0.6604610681533813,0.46317681670188904,0.8664270043373108,0.6517794132232666,1.7136512475323065,0.03407141606402076,2.067196762401296
ssl_log_magnitude_real_both_gated_add_1110000_s42_l0,ssl_log_magnitude_real_both_gated_add,Wavelet SSL / Contrastive,0.7153801039540462,0.3765253245830536,0.9197020997171816,0.7517588843326837,0.6884088015361227,0.827950106273496,0.8486917018890381,0.742088794708252,0.6421955227851868,0.8673011660575867,0.7167696952819824,1.7085796474972728,0.06069498510080568,2.0502629481447516
ssl_log_magnitude_real_local_cross_attn_1110000_s42_l0,ssl_log_magnitude_real_local_cross_attn,Wavelet SSL / Contrastive,0.706562307158991,0.3663758516311646,0.9374356554902118,0.6797972627164816,0.5904985398414685,0.8009166752133428,0.779324471950531,0.6554281115531921,0.453757643699646,0.8647186756134033,0.6478078961372375,1.7147288979048245,0.015233712651592428,2.068064807824143
ssl_log_magnitude_real_local_gated_add_1110000_s42_l0,ssl_log_magnitude_real_local_gated_add,Wavelet SSL / Contrastive,0.7157592533930174,0.3744731307029724,0.9194719134897426,0.7507171405403154,0.686386613723278,0.8283532736126976,0.8461062908172607,0.738464891910553,0.6340681314468384,0.8657306432723999,0.7155959010124207,1.7090729278041508,0.048310930171532325,2.050488128510362
ssl_magnitude_phase_both_cross_attn_1110000_s42_l0,ssl_magnitude_phase_both_cross_attn,Wavelet SSL / Contrastive,0.7090472278069574,0.3713596761226654,0.9333318463270215,0.6884681112858022,0.6034206377947724,0.8014224026651483,0.7843203544616699,0.6616553664207458,0.46111977100372314,0.8661960363388062,0.657650351524353,1.713177527179041,0.07817860843210209,2.0683031225146102
ssl_magnitude_phase_both_gated_add_1110000_s42_l0,ssl_magnitude_phase_both_gated_add,Wavelet SSL / Contrastive,0.7155612060272033,0.37590069472789767,0.9194153339966483,0.7487278475533309,0.6848043169054358,0.8258140266868486,0.8468217849731445,0.7395286560058594,0.6360440850257874,0.8672263622283936,0.715315580368042,1.7085672047905707,0.17050984687875212,2.0560816091598175
ssl_magnitude_phase_local_cross_attn_1110000_s42_l0,ssl_magnitude_phase_local_cross_attn,Wavelet SSL / Contrastive,0.7090229348939098,0.36724805235862734,0.9328767804131992,0.6930888476959537,0.6072040390713115,0.8072718656391794,0.7904255986213684,0.6688951849937439,0.47337856888771057,0.8656424880027771,0.6676644086837769,1.7130453792312883,0.005535789846352585,2.063549145053037
ssl_magnitude_phase_local_gated_add_1110000_s42_l0,ssl_magnitude_phase_local_gated_add,Wavelet SSL / Contrastive,0.7131080830775192,0.3667272925376892,0.9240139964698018,0.7432524147621159,0.6749877305926846,0.8268785299245652,0.8440714478492737,0.7357704639434814,0.6286160945892334,0.8677270412445068,0.7109683156013489,1.7111181357791112,0.07537098365722993,2.054883682158761
ssl_magnitude_phase_sin_both_cross_attn_1110000_s42_l0,ssl_magnitude_phase_sin_both_cross_attn,Wavelet SSL / Contrastive,0.7075015472694447,0.36516796946525576,0.9364695661309836,0.6862314231191811,0.6022683259743624,0.7973978023843458,0.7808087468147278,0.6571906208992004,0.4566735625267029,0.8650039434432983,0.6498944163322449,1.7152333695856419,0.00034562325973697507,2.0675301274587943
ssl_magnitude_phase_sin_both_gated_add_1110000_s42_l0,ssl_magnitude_phase_sin_both_gated_add,Wavelet SSL / Contrastive,0.7127440055005467,0.36924085319042205,0.9250183200490647,0.7436754875227893,0.6758678522374033,0.8266062151428238,0.8415641784667969,0.732389509677887,0.6188400387763977,0.866401731967926,0.7119268178939819,1.7116652190174584,0.1562138830141747,2.0602056969919285
ssl_magnitude_phase_sin_local_cross_attn_1110000_s42_l0,ssl_magnitude_phase_sin_local_cross_attn,Wavelet SSL / Contrastive,0.7086144323711187,0.36092303991317753,0.9348635232966879,0.6909842042052098,0.6065699946016152,0.8026920261280728,0.7868501543998718,0.6645349264144897,0.46658071875572205,0.8649678230285645,0.6620562076568604,1.7154096022084118,0.004580640953348783,2.066963646811692
ssl_magnitude_phase_sin_local_gated_add_1110000_s42_l0,ssl_magnitude_phase_sin_local_gated_add,Wavelet SSL / Contrastive,0.7132059475402738,0.3735592931509018,0.9232612796451735,0.7481893089050121,0.6788386357023298,0.8333221342405778,0.8449854254722595,0.7371664047241211,0.6270777583122253,0.8676918745040894,0.7167295217514038,1.7110821841834079,0.08658110183484698,2.054666523104636
ssl_w0.01_1110000_s42_l0,ssl_w0.01,Wavelet SSL / Contrastive,0.7146241041672541,0.37095003426074985,0.9211516034775886,0.7414059286911954,0.6706876271753969,0.8287953430635766,0.844683825969696,0.7365909218788147,0.6287185549736023,0.8663222193717957,0.7147319912910461,1.710421972788387,0.10474702712225943,2.0516542689452995
ssl_w0.1_1110000_s42_l0,ssl_w0.1,Wavelet SSL / Contrastive,0.714701973361723,0.37297726273536685,0.9211918763492418,0.7483321144939251,0.6846262871093922,0.8251102521210493,0.8453419804573059,0.7377251982688904,0.6268259882926941,0.8681437373161316,0.7182057499885559,1.7100763487261395,0.15125775789543347,2.0647803385955177
tau0.999_1110000_s42_l0,tau0.999,Other,0.7151633662769363,0.375064492225647,0.920366108417511,0.7456338850959886,0.6825667801829385,0.8215418675135538,0.8426306843757629,0.7336457371711731,0.6260232329368591,0.8657082915306091,0.7092057466506958,1.7108652257569126,0.08581532696615381,2.0544270332469496
tau0.99_1110000_s42_l0,tau0.99,Other,0.7134072991873877,0.3746901124715805,0.9241669359414474,0.7418565372844749,0.6704514949881486,0.8302842329741371,0.8429209589958191,0.73429274559021,0.622337281703949,0.8673427700996399,0.713198184967041,1.7109102849715196,0.12216518558516205,2.0580269028244578
tf_sc16_cy4_1110000_s42_l0,tf_sc16_cy4,Structural Ablation,0.7161931325965213,0.37103372514247895,0.9181151320968849,0.745900613144979,0.6757684179090763,0.8322753137808963,0.8461530804634094,0.7389926910400391,0.627726674079895,0.8701667785644531,0.719084620475769,1.708479086363476,0.12513128488416916,2.0546209682303513
tf_sc16_cy8_1110000_s42_l0,tf_sc16_cy8,Structural Ablation,0.7153252836408975,0.3775775760412216,0.9194824531458426,0.7527447092559385,0.6802795102003518,0.8424888863740049,0.8533313274383545,0.748788595199585,0.6459946036338806,0.8656488656997681,0.7347224354743958,1.7078843148860674,0.10009185592284839,2.0493092809779845
tf_sc32_cy4_1110000_s42_l0,tf_sc32_cy4,Structural Ablation,0.714408285477281,0.3663481712341309,0.921924997067106,0.7456832497627107,0.68015227790134,0.825188056344404,0.8417529463768005,0.7328717708587646,0.6163197755813599,0.8683568835258484,0.7139387726783752,1.709497229851591,0.17603423611478677,2.060013106140688
tf_sc48_cy6_1110000_s42_l0,tf_sc48_cy6,Structural Ablation,0.714684828184545,0.3658531099557877,0.9200514243996661,0.7498499493428983,0.6848825242377817,0.8284346143916594,0.8475983142852783,0.74049973487854,0.6376596093177795,0.8648844361305237,0.7189552187919617,1.7097009665525382,0.14660524643474285,2.056023582542541
tf_small96_1110000_s42_l0,tf_small96,Structural Ablation,0.7142331795412851,0.3754441261291504,0.9224724760953931,0.74384778227729,0.6754819696169355,0.8276105969352209,0.8411129117012024,0.7317360043525696,0.6183536052703857,0.8661796450614929,0.7106747627258301,1.708795287617855,0.0254764901234733,2.0492812056582297
